<app_init_data>
 <app_version>246</app_version>
 <app_name>qcn</app_name>
 <user_name></user_name>
 <team_name></team_name>
 <project_dir>init</project_dir>
 <boinc_dir>.</boinc_dir>
 <wu_name>qcnwx</wu_name>
 <slot>0</slot>
 <wu_cpu_time>0.000000</wu_cpu_time>
 <user_total_credit>0.000000</user_total_credit>
 <user_expavg_credit>0.000000</user_expavg_credit>
 <host_total_credit>0.000000</host_total_credit>
 <host_expavg_credit>0.000000</host_expavg_credit>
 <resource_share_fraction>1.000000</resource_share_fraction>
 <checkpoint_period>60.000000</checkpoint_period>
 <fraction_done_update_period>1.000000</fraction_done_update_period>
 <fraction_done_start>0.000000</fraction_done_start>
 <fraction_done_end>1.000000</fraction_done_end>
 <rsc_fpops_est>1000000.000000</rsc_fpops_est>
 <rsc_fpops_bound>10000000000.000000</rsc_fpops_bound>
 <rsc_memory_bound>100000000.000000</rsc_memory_bound>
 <rsc_disk_bound>100000000.000000</rsc_disk_bound>
 <project_preferences>
<quakes>
<qu001>  2.8|2008/02/28 21:41:16|  17.9107| -67.1435|   5.40|Puerto Rico region|http://earthquake.usgs.gov/eqcenter/recenteqsww/Quakes/prp0805902.php</qu001>
<qu002>  2.7|2008/02/28 20:50:47|  61.1556|-149.7919|  26.00|Southern Alaska|http://earthquake.usgs.gov/eqcenter/recenteqsww/Quakes/ak00029697.php</qu002>
<qu003>  2.6|2008/02/28 20:18:09|  54.2456|-161.7095|  13.10|Alaska Peninsula|http://earthquake.usgs.gov/eqcenter/recenteqsww/Quakes/ak00029695.php</qu003>
<qu004>  2.5|2008/02/28 19:11:38|  54.6298|-164.1295| 180.00|Unimak Island region, Alaska|http://earthquake.usgs.gov/eqcenter/recenteqsww/Quakes/ak00029690.php</qu004>
<qu005>  3.2|2008/02/28 18:16:29|  53.5590|-163.4238|  34.30|Unimak Island region, Alaska|http://earthquake.usgs.gov/eqcenter/recenteqsww/Quakes/ak00029686.php</qu005>
<qu006>  4.0|2008/02/28 17:58:02|  53.4595|-163.3712|  14.30|Unimak Island region, Alaska|http://earthquake.usgs.gov/eqcenter/recenteqsww/Quakes/ak00029682.php</qu006>
<qu007>  2.8|2008/02/28 17:50:16|  54.7961|-161.5868|  36.80|Alaska Peninsula|http://earthquake.usgs.gov/eqcenter/recenteqsww/Quakes/ak00029680.php</qu007>
<qu008>  2.5|2008/02/28 17:05:56|  51.4767|-174.2566|   1.20|Andreanof Islands, Aleutian Islands, Alaska|http://earthquake.usgs.gov/eqcenter/recenteqsww/Quakes/ak00029679.php</qu008>
<qu009>  3.8|2008/02/28 15:10:38|  41.0560|-114.8426|  10.00|Nevada|http://earthquake.usgs.gov/eqcenter/recenteqsww/Quakes/us2008nzcg.php</qu009>
<qu010>  5.2|2008/02/28 11:55:09|  49.6149| 155.4338|  77.60|Kuril Islands|http://earthquake.usgs.gov/eqcenter/recenteqsww/Quakes/us2008nzbv.php</qu010>
<qu011>  4.8|2008/02/28 10:59:03|  18.2769| 146.5619|  57.40|Pagan region, Northern Mariana Islands|http://earthquake.usgs.gov/eqcenter/recenteqsww/Quakes/us2008nzbr.php</qu011>
<qu012>  5.1|2008/02/28 10:08:28|  12.5444| 141.6976|  20.00|Mariana Islands region|http://earthquake.usgs.gov/eqcenter/recenteqsww/Quakes/us2008nzbm.php</qu012>
<qu013>  3.1|2008/02/28 09:30:17|  52.4244|-167.5205|  35.90|Fox Islands, Aleutian Islands, Alaska|http://earthquake.usgs.gov/eqcenter/recenteqsww/Quakes/ak00029667.php</qu013>
<qu014>  5.6|2008/02/28 09:12:56|  12.6935| 141.7743|  20.00|Mariana Islands region|http://earthquake.usgs.gov/eqcenter/recenteqsww/Quakes/us2008nzbe.php</qu014>
<qu015>  3.3|2008/02/28 08:12:47|  50.7277|-179.1044|   0.10|Andreanof Islands, Aleutian Islands, Alaska|http://earthquake.usgs.gov/eqcenter/recenteqsww/Quakes/ak00029656.php</qu015>
<qu016>  4.5|2008/02/28 07:53:22|  36.1919|  21.9568|  10.00|southern Greece|http://earthquake.usgs.gov/eqcenter/recenteqsww/Quakes/us2008nzbb.php</qu016>
<qu017>  2.5|2008/02/28 07:23:12|  17.9768| -66.4998|  13.60|Puerto Rico region|http://earthquake.usgs.gov/eqcenter/recenteqsww/Quakes/prp0805901.php</qu017>
<qu018>  4.6|2008/02/28 04:54:36|  36.2331|  21.8432|  10.00|southern Greece|http://earthquake.usgs.gov/eqcenter/recenteqsww/Quakes/us2008nza1.php</qu018>
<qu019>  5.2|2008/02/27 22:57:02|  13.2963| 120.7159|  59.80|Mindoro, Philippines|http://earthquake.usgs.gov/eqcenter/recenteqsww/Quakes/us2008nydb.php</qu019>
<qu020>  3.7|2008/02/27 22:00:11|  18.9672| -65.1063|  76.00|Virgin Islands region|http://earthquake.usgs.gov/eqcenter/recenteqsww/Quakes/prp0805802.php</qu020>
<qu021>  3.2|2008/02/27 20:55:19|  52.2621|-167.2883|  11.90|Fox Islands, Aleutian Islands, Alaska|http://earthquake.usgs.gov/eqcenter/recenteqsww/Quakes/ak00029526.php</qu021>
<qu022>  2.7|2008/02/27 20:54:53|  59.9170|-152.4094|  94.80|Southern Alaska|http://earthquake.usgs.gov/eqcenter/recenteqsww/Quakes/ak00029524.php</qu022>
<qu023>  2.6|2008/02/27 20:04:10|  54.6526|-160.2075|   5.00|Alaska Peninsula|http://earthquake.usgs.gov/eqcenter/recenteqsww/Quakes/ak00029522.php</qu023>
<qu024>  3.1|2008/02/27 19:32:43|  18.9853| -64.9693|  11.50|Virgin Islands region|http://earthquake.usgs.gov/eqcenter/recenteqsww/Quakes/prp0805804.php</qu024>
<qu025>  3.1|2008/02/27 19:31:28|  18.9592| -64.9447|   7.00|Virgin Islands region|http://earthquake.usgs.gov/eqcenter/recenteqsww/Quakes/prp0805803.php</qu025>
<qu026>  2.8|2008/02/27 18:23:31|  65.6832|-136.0342|  14.90|northern Yukon Territory, Canada|http://earthquake.usgs.gov/eqcenter/recenteqsww/Quakes/ak00029742.php</qu026>
<qu027>  4.8|2008/02/27 12:14:01| -41.8452| -83.7659|  10.00|West Chile Rise|http://earthquake.usgs.gov/eqcenter/recenteqsww/Quakes/us2008nybw.php</qu027>
<qu028>  2.8|2008/02/27 10:26:51|  32.4641|-115.3313|   6.00|Baja California, Mexico|http://earthquake.usgs.gov/eqcenter/recenteqsww/Quakes/ci12331047.php</qu028>
<qu029>  2.6|2008/02/27 10:26:42|  32.4733|-115.3423|   6.00|Baja California, Mexico|http://earthquake.usgs.gov/eqcenter/recenteqsww/Quakes/ci14353120.php</qu029>
<qu030>  2.5|2008/02/27 09:00:52|  63.4164|-149.9606|   5.60|Central Alaska|http://earthquake.usgs.gov/eqcenter/recenteqsww/Quakes/ak00029509.php</qu030>
<qu031>  2.6|2008/02/27 08:20:48|  54.3800|-161.6227|  11.20|Alaska Peninsula|http://earthquake.usgs.gov/eqcenter/recenteqsww/Quakes/ak00029508.php</qu031>
<qu032>  4.2|2008/02/27 07:59:39|  41.1234|-114.6757|   5.00|Nevada|http://earthquake.usgs.gov/eqcenter/recenteqsww/Quakes/us2008nya9.php</qu032>
<qu033>  2.7|2008/02/27 07:56:18|  42.6980| -74.3645|   6.00|New York|http://earthquake.usgs.gov/eqcenter/recenteqsww/Quakes/ld1021842.php</qu033>
<qu034>  2.7|2008/02/27 07:37:18|  60.2940|-140.6685|   0.40|Southern Yukon Territory, Canada|http://earthquake.usgs.gov/eqcenter/recenteqsww/Quakes/ak00029505.php</qu034>
<qu035>  6.3|2008/02/27 06:54:24|  26.8136| 142.4255|  43.00|Bonin Islands, Japan region|http://earthquake.usgs.gov/eqcenter/recenteqsww/Quakes/us2008nya6.php</qu035>
<qu036>  2.6|2008/02/27 05:42:31|  51.2399|-178.4785|  26.10|Andreanof Islands, Aleutian Islands, Alaska|http://earthquake.usgs.gov/eqcenter/recenteqsww/Quakes/ak00029497.php</qu036>
<qu037>  5.2|2008/02/27 04:54:27| -34.6485|-178.9466|  41.50|south of the Kermadec Islands|http://earthquake.usgs.gov/eqcenter/recenteqsww/Quakes/us2008nybh.php</qu037>
<qu038>  2.8|2008/02/27 01:50:40|  35.9526|-117.7238|   2.10|Central California|http://earthquake.usgs.gov/eqcenter/recenteqsww/Quakes/ci14352980.php</qu038>
<qu039>  4.7|2008/02/27 00:56:45|  53.3214|  -0.3136|  10.00|England, United Kingdom|http://earthquake.usgs.gov/eqcenter/recenteqsww/Quakes/us2008nyae.php</qu039>
<qu040>  2.5|2008/02/27 00:37:26|  52.3641|-167.9283|  13.20|Fox Islands, Aleutian Islands, Alaska|http://earthquake.usgs.gov/eqcenter/recenteqsww/Quakes/ak00029489.php</qu040>
<qu041>  2.7|2008/02/27 00:26:34|  57.6819|-157.8396|   0.80|Alaska Peninsula|http://earthquake.usgs.gov/eqcenter/recenteqsww/Quakes/ak00029712.php</qu041>
<qu042>  2.8|2008/02/27 00:10:43|  41.0783|-123.2042|  30.90|Northern California|http://earthquake.usgs.gov/eqcenter/recenteqsww/Quakes/nc51197189.php</qu042>
<qu043>  4.4|2008/02/26 23:58:27|  52.3660|-168.0340|  33.00|Fox Islands, Aleutian Islands, Alaska|http://earthquake.usgs.gov/eqcenter/recenteqsww/Quakes/at00407030.php</qu043>
<qu044>  2.9|2008/02/26 23:35:52|  39.2880|-105.4734|   3.20|Colorado|http://earthquake.usgs.gov/eqcenter/recenteqsww/Quakes/us2008nxdi.php</qu044>
<qu045>  3.3|2008/02/26 23:06:39|  18.6422| -64.1328|  68.60|Virgin Islands region|http://earthquake.usgs.gov/eqcenter/recenteqsww/Quakes/prp0805711.php</qu045>
<qu046>  3.2|2008/02/26 22:55:19|  60.0699|-153.0809| 132.70|Southern Alaska|http://earthquake.usgs.gov/eqcenter/recenteqsww/Quakes/ak00029473.php</qu046>
<qu047>  4.5|2008/02/26 22:20:59|  23.1679|  94.1458|  79.40|Myanmar|http://earthquake.usgs.gov/eqcenter/recenteqsww/Quakes/us2008nxc6.php</qu047>
<qu048>  2.5|2008/02/26 21:07:55|  60.6896|-149.2722|  11.90|Kenai Peninsula, Alaska|http://earthquake.usgs.gov/eqcenter/recenteqsww/Quakes/ak00029464.php</qu048>
<qu049>  2.5|2008/02/26 20:46:45|  41.2720|-114.8570|  11.50|Nevada|http://earthquake.usgs.gov/eqcenter/recenteqsww/Quakes/us2008nxcs.php</qu049>
<qu050>  5.8|2008/02/26 18:18:31|  -3.7394| 101.0278|  46.40|southern Sumatra, Indonesia|http://earthquake.usgs.gov/eqcenter/recenteqsww/Quakes/us2008nxch.php</qu050>
<qu051>  4.8|2008/02/26 17:50:06|  30.0968| 101.8372|  47.10|western Sichuan, China|http://earthquake.usgs.gov/eqcenter/recenteqsww/Quakes/us2008nxcd.php</qu051>
<qu052>  5.0|2008/02/26 17:13:34|   8.4254| 126.6075|  66.30|Mindanao, Philippines|http://earthquake.usgs.gov/eqcenter/recenteqsww/Quakes/us2008nxca.php</qu052>
<qu053>  3.3|2008/02/26 17:07:07|  18.8730| -64.3125|  32.30|Virgin Islands region|http://earthquake.usgs.gov/eqcenter/recenteqsww/Quakes/prp0805710.php</qu053>
<qu054>  5.0|2008/02/26 16:10:38|  36.1690|  21.9804|  24.40|southern Greece|http://earthquake.usgs.gov/eqcenter/recenteqsww/Quakes/us2008nxb6.php</qu054>
<qu055>  2.7|2008/02/26 16:02:23|  55.3046|-156.6962|  19.20|south of Alaska|http://earthquake.usgs.gov/eqcenter/recenteqsww/Quakes/ak00029380.php</qu055>
<qu056>  4.6|2008/02/26 14:54:09|  36.0810|  21.8915|  37.70|southern Greece|http://earthquake.usgs.gov/eqcenter/recenteqsww/Quakes/us2008nxb2.php</qu056>
<qu057>  2.6|2008/02/26 14:41:07|  51.2339|-178.9647|  26.10|Andreanof Islands, Aleutian Islands, Alaska|http://earthquake.usgs.gov/eqcenter/recenteqsww/Quakes/ak00029625.php</qu057>
<qu058>  2.5|2008/02/26 14:35:34|  54.4719|-161.5487|  12.90|Alaska Peninsula|http://earthquake.usgs.gov/eqcenter/recenteqsww/Quakes/ak00029374.php</qu058>
<qu059>  3.4|2008/02/26 13:28:04|  19.1488| -65.2658|  37.30|Puerto Rico region|http://earthquake.usgs.gov/eqcenter/recenteqsww/Quakes/prp0805704.php</qu059>
<qu060>  3.1|2008/02/26 13:15:23|  18.9850| -65.3505|   4.80|Puerto Rico region|http://earthquake.usgs.gov/eqcenter/recenteqsww/Quakes/prp0805709.php</qu060>
<qu061>  3.2|2008/02/26 13:03:09|  19.1518| -65.3595|  40.50|Puerto Rico region|http://earthquake.usgs.gov/eqcenter/recenteqsww/Quakes/prp0805703.php</qu061>
<qu062>  3.4|2008/02/26 13:01:04|  18.9640| -65.2515|  61.90|Puerto Rico region|http://earthquake.usgs.gov/eqcenter/recenteqsww/Quakes/prp0805702.php</qu062>
<qu063>  3.3|2008/02/26 12:44:46|  19.1502| -65.3615|  37.40|Puerto Rico region|http://earthquake.usgs.gov/eqcenter/recenteqsww/Quakes/prp0805705.php</qu063>
<qu064>  3.0|2008/02/26 11:53:15|  41.1607|-114.8562|  10.00|Nevada|http://earthquake.usgs.gov/eqcenter/recenteqsww/Quakes/us2008nxbh.php</qu064>
<qu065>  3.4|2008/02/26 11:27:51|  19.1393| -65.3385|  20.00|Puerto Rico region|http://earthquake.usgs.gov/eqcenter/recenteqsww/Quakes/prp0805713.php</qu065>
<qu066>  2.7|2008/02/26 11:25:43|  38.8387|-122.8273|   2.40|Northern California|http://earthquake.usgs.gov/eqcenter/recenteqsww/Quakes/nc51197154.php</qu066>
<qu067>  3.2|2008/02/26 11:20:10|  19.1243| -65.3553|  25.20|Puerto Rico region|http://earthquake.usgs.gov/eqcenter/recenteqsww/Quakes/prp0805707.php</qu067>
<qu068>  3.1|2008/02/26 11:14:45|  19.0910| -65.3895|   8.30|Puerto Rico region|http://earthquake.usgs.gov/eqcenter/recenteqsww/Quakes/prp0805712.php</qu068>
<qu069>  3.7|2008/02/26 10:56:18|  17.9450| -61.5305|  52.40|Antigua and Barbuda region, Leeward Islands|http://earthquake.usgs.gov/eqcenter/recenteqsww/Quakes/prp0805706.php</qu069>
<qu070>  5.4|2008/02/26 10:46:10|  36.1784|  21.9381|  10.00|southern Greece|http://earthquake.usgs.gov/eqcenter/recenteqsww/Quakes/us2008nxbd.php</qu070>
<qu071>  2.5|2008/02/26 10:33:54|  36.0000| -89.8800|   9.40|Arkansas|http://earthquake.usgs.gov/eqcenter/recenteqsww/Quakes/nm922.php</qu071>
<qu072>  2.6|2008/02/26 09:50:45|  52.2649|-168.4663|  25.70|Fox Islands, Aleutian Islands, Alaska|http://earthquake.usgs.gov/eqcenter/recenteqsww/Quakes/ak00029358.php</qu072>
<qu073>  2.6|2008/02/26 09:40:01|  51.0873|-178.8191|  14.20|Andreanof Islands, Aleutian Islands, Alaska|http://earthquake.usgs.gov/eqcenter/recenteqsww/Quakes/ak00029607.php</qu073>
<qu074>  3.0|2008/02/26 07:58:53|  35.9531|-117.7278|   1.70|Central California|http://earthquake.usgs.gov/eqcenter/recenteqsww/Quakes/ci14352756.php</qu074>
<qu075>  2.5|2008/02/26 06:19:54|  18.3493| -67.2525|   7.50|Puerto Rico|http://earthquake.usgs.gov/eqcenter/recenteqsww/Quakes/prp0805701.php</qu075>
<qu076>  2.7|2008/02/26 05:40:21|  52.2748|-174.7969| 126.90|Andreanof Islands, Aleutian Islands, Alaska|http://earthquake.usgs.gov/eqcenter/recenteqsww/Quakes/ak00029354.php</qu076>
<qu077>  3.4|2008/02/26 05:34:17|  38.5740|-118.4920|  16.70|Nevada|http://earthquake.usgs.gov/eqcenter/recenteqsww/Quakes/nn00235790.php</qu077>
<qu078>  4.8|2008/02/26 05:22:33|  -4.5678| 149.9519| 513.40|Bismarck Sea|http://earthquake.usgs.gov/eqcenter/recenteqsww/Quakes/us2008nxaw.php</qu078>
<qu079>  5.0|2008/02/26 03:08:42|  -0.6421| 122.0979|  71.30|Sulawesi, Indonesia|http://earthquake.usgs.gov/eqcenter/recenteqsww/Quakes/us2008nxaq.php</qu079>
<qu080>  3.1|2008/02/26 02:24:16|  53.4989|-165.5276|  18.80|Fox Islands, Aleutian Islands, Alaska|http://earthquake.usgs.gov/eqcenter/recenteqsww/Quakes/ak00029348.php</qu080>
<qu081>  2.9|2008/02/26 02:22:24|  41.0292|-114.7103|   5.00|Nevada|http://earthquake.usgs.gov/eqcenter/recenteqsww/Quakes/us2008nxai.php</qu081>
<qu082>  4.5|2008/02/26 01:14:02|  11.2992| -86.6757|  35.00|near the coast of Nicaragua|http://earthquake.usgs.gov/eqcenter/recenteqsww/Quakes/us2008nxad.php</qu082>
<qu083>  2.6|2008/02/26 01:07:09|  19.3297|-155.1945|   7.60|Island of Hawaii, Hawaii|http://earthquake.usgs.gov/eqcenter/recenteqsww/Quakes/hv00027814.php</qu083>
<qu084>  2.8|2008/02/26 00:08:13|  61.5172|-151.8710| 110.40|Southern Alaska|http://earthquake.usgs.gov/eqcenter/recenteqsww/Quakes/ak00029341.php</qu084>
<qu085>  3.6|2008/02/25 23:39:00|  67.3552|-156.8431|  20.30|northern Alaska|http://earthquake.usgs.gov/eqcenter/recenteqsww/Quakes/ak00029337.php</qu085>
<qu086>  3.0|2008/02/25 22:59:01|  33.3406|-116.3995|  13.30|Southern California|http://earthquake.usgs.gov/eqcenter/recenteqsww/Quakes/ci14352680.php</qu086>
<qu087>  3.0|2008/02/25 22:29:19|  55.2618|-156.7710|  15.00|south of Alaska|http://earthquake.usgs.gov/eqcenter/recenteqsww/Quakes/ak00029578.php</qu087>
<qu088>  3.1|2008/02/25 21:55:59|  60.1857|-151.6789|  65.80|Kenai Peninsula, Alaska|http://earthquake.usgs.gov/eqcenter/recenteqsww/Quakes/ak00029244.php</qu088>
<qu089>  2.6|2008/02/25 21:49:44|  19.2683|-155.4640|   9.40|Island of Hawaii, Hawaii|http://earthquake.usgs.gov/eqcenter/recenteqsww/Quakes/hv00027813.php</qu089>
<qu090>  6.6|2008/02/25 21:02:18|  -2.2334|  99.8282|  25.00|Kepulauan Mentawai region, Indonesia|http://earthquake.usgs.gov/eqcenter/recenteqsww/Quakes/us2008nwcr.php</qu090>
<qu091>  2.7|2008/02/25 19:33:42|  62.3727|-148.3268|   1.20|Central Alaska|http://earthquake.usgs.gov/eqcenter/recenteqsww/Quakes/ak00029234.php</qu091>
<qu092>  6.4|2008/02/25 18:06:05|  -2.3224|  99.9270|  35.00|Kepulauan Mentawai region, Indonesia|http://earthquake.usgs.gov/eqcenter/recenteqsww/Quakes/us2008nwcd.php</qu092>
<qu093>  2.5|2008/02/25 17:35:39|  38.9580|-119.1230|   4.00|Nevada|http://earthquake.usgs.gov/eqcenter/recenteqsww/Quakes/nn00235669.php</qu093>
<qu094>  4.4|2008/02/25 17:27:30|  52.3382|-168.5555|  38.30|Fox Islands, Aleutian Islands, Alaska|http://earthquake.usgs.gov/eqcenter/recenteqsww/Quakes/us2008nwb8.php</qu094>
<qu095>  4.9|2008/02/25 14:14:26|  -2.3655|  99.9569|  36.60|Kepulauan Mentawai region, Indonesia|http://earthquake.usgs.gov/eqcenter/recenteqsww/Quakes/us2008nwb6.php</qu095>
<qu096>  2.6|2008/02/25 13:49:05|  34.0085|-116.7805|  12.80|Southern California|http://earthquake.usgs.gov/eqcenter/recenteqsww/Quakes/ci14352608.php</qu096>
<qu097>  5.2|2008/02/25 13:33:50|  -2.3030|  99.9336|  35.00|Kepulauan Mentawai region, Indonesia|http://earthquake.usgs.gov/eqcenter/recenteqsww/Quakes/us2008nwbz.php</qu097>
<qu098>  3.1|2008/02/25 13:20:59|  61.6761|-150.7511|  58.40|Southern Alaska|http://earthquake.usgs.gov/eqcenter/recenteqsww/Quakes/ak00029204.php</qu098>
<qu099>  4.5|2008/02/25 13:18:30|  29.3596| 139.3103| 397.90|Izu Islands, Japan region|http://earthquake.usgs.gov/eqcenter/recenteqsww/Quakes/us2008nwbx.php</qu099>
<qu100>  2.6|2008/02/25 12:33:08|  32.3581|-115.2573|   8.40|Baja California, Mexico|http://earthquake.usgs.gov/eqcenter/recenteqsww/Quakes/ci14352604.php</qu100>
<qu101>  2.8|2008/02/25 11:57:11|  53.4719|-165.7519|   5.20|Fox Islands, Aleutian Islands, Alaska|http://earthquake.usgs.gov/eqcenter/recenteqsww/Quakes/ak00029201.php</qu101>
<qu102>  5.1|2008/02/25 10:38:45|  -2.6171|  99.8445|  35.00|Kepulauan Mentawai region, Indonesia|http://earthquake.usgs.gov/eqcenter/recenteqsww/Quakes/us2008nwbu.php</qu102>
<qu103>  4.8|2008/02/25 09:11:10| -24.1622| 179.9262| 492.90|south of the Fiji Islands|http://earthquake.usgs.gov/eqcenter/recenteqsww/Quakes/us2008nwbk.php</qu103>
<qu104>  7.0|2008/02/25 08:36:35|  -2.3516| 100.0182|  35.00|Kepulauan Mentawai region, Indonesia|http://earthquake.usgs.gov/eqcenter/recenteqsww/Quakes/us2008nwbg.php</qu104>
<qu105>  4.9|2008/02/25 07:59:53|  10.1674| -70.6709|  34.50|Zulia, Venezuela|http://earthquake.usgs.gov/eqcenter/recenteqsww/Quakes/us2008nwbd.php</qu105>
<qu106>  3.1|2008/02/25 06:01:25|  54.5197|-161.4858|   7.00|Alaska Peninsula|http://earthquake.usgs.gov/eqcenter/recenteqsww/Quakes/ak00029179.php</qu106>
<qu107>  2.7|2008/02/25 03:57:48|  54.8656|-161.6755|  51.60|Alaska Peninsula|http://earthquake.usgs.gov/eqcenter/recenteqsww/Quakes/ak00029176.php</qu107>
<qu108>  2.5|2008/02/25 03:43:10|  38.8243|-122.8058|   2.00|Northern California|http://earthquake.usgs.gov/eqcenter/recenteqsww/Quakes/nc51197091.php</qu108>
<qu109>  2.6|2008/02/25 02:54:53|  54.3322|-161.4867|   5.50|Alaska Peninsula|http://earthquake.usgs.gov/eqcenter/recenteqsww/Quakes/ak00029175.php</qu109>
<qu110>  3.1|2008/02/25 02:16:55|  19.0255| -66.6358|  57.60|Puerto Rico region|http://earthquake.usgs.gov/eqcenter/recenteqsww/Quakes/prp0805606.php</qu110>
<qu111>  3.2|2008/02/25 02:14:31|  19.0572| -66.6592|  52.80|Puerto Rico region|http://earthquake.usgs.gov/eqcenter/recenteqsww/Quakes/prp0805608.php</qu111>
<qu112>  2.5|2008/02/25 02:05:45|  54.2983|-161.9767|  20.00|Alaska Peninsula|http://earthquake.usgs.gov/eqcenter/recenteqsww/Quakes/ak00029173.php</qu112>
<qu113>  3.6|2008/02/25 01:59:15|  32.4220|-115.3131|   6.00|Baja California, Mexico|http://earthquake.usgs.gov/eqcenter/recenteqsww/Quakes/ci14352540.php</qu113>
<qu114>  4.7|2008/02/25 01:42:07|  52.7812| -34.5132|  10.00|Reykjanes Ridge|http://earthquake.usgs.gov/eqcenter/recenteqsww/Quakes/us2008nwam.php</qu114>
<qu115>  2.9|2008/02/25 00:47:32|  18.6963| -65.1280|  45.10|Virgin Islands region|http://earthquake.usgs.gov/eqcenter/recenteqsww/Quakes/prp0805603.php</qu115>
<qu116>  2.9|2008/02/25 00:08:22|  32.4101|-115.2890|   6.00|Baja California, Mexico|http://earthquake.usgs.gov/eqcenter/recenteqsww/Quakes/ci14352528.php</qu116>
<qu117>  2.9|2008/02/24 22:29:26|  51.7862|-176.1057|  24.90|Andreanof Islands, Aleutian Islands, Alaska|http://earthquake.usgs.gov/eqcenter/recenteqsww/Quakes/ak00029168.php</qu117>
<qu118>  3.3|2008/02/24 22:29:07|  19.1715| -66.6625|  25.20|Puerto Rico region|http://earthquake.usgs.gov/eqcenter/recenteqsww/Quakes/prp0805509.php</qu118>
<qu119>  3.3|2008/02/24 21:46:01|  19.0930| -66.6367|  25.20|Puerto Rico region|http://earthquake.usgs.gov/eqcenter/recenteqsww/Quakes/prp0805508.php</qu119>
<qu120>  4.9|2008/02/24 20:25:05|  35.7507| 141.2156|  35.00|near the east coast of Honshu, Japan|http://earthquake.usgs.gov/eqcenter/recenteqsww/Quakes/us2008nvdi.php</qu120>
<qu121>  3.6|2008/02/24 19:29:12|  51.8644|-167.8933|  21.60|Fox Islands, Aleutian Islands, Alaska|http://earthquake.usgs.gov/eqcenter/recenteqsww/Quakes/ak00029161.php</qu121>
<qu122>  3.1|2008/02/24 19:20:03|  18.6065| -64.8570|  74.10|Virgin Islands region|http://earthquake.usgs.gov/eqcenter/recenteqsww/Quakes/prp0805506.php</qu122>
<qu123>  2.5|2008/02/24 19:17:06|  51.4291|-176.9168|  67.20|Andreanof Islands, Aleutian Islands, Alaska|http://earthquake.usgs.gov/eqcenter/recenteqsww/Quakes/ak00029158.php</qu123>
<qu124>  3.0|2008/02/24 18:04:26|  18.5443| -65.6032|  85.90|Puerto Rico region|http://earthquake.usgs.gov/eqcenter/recenteqsww/Quakes/prp0805505.php</qu124>
<qu125>  2.6|2008/02/24 16:17:55|  41.5913|-108.7638|   1.00|Wyoming|http://earthquake.usgs.gov/eqcenter/recenteqsww/Quakes/uu02241617.php</qu125>
<qu126>  4.7|2008/02/24 15:49:09|   6.7317| -73.0224| 155.20|northern Colombia|http://earthquake.usgs.gov/eqcenter/recenteqsww/Quakes/us2008nvcq.php</qu126>
<qu127>  5.5|2008/02/24 14:57:31|  -2.5795|  99.9717|  29.30|Kepulauan Mentawai region, Indonesia|http://earthquake.usgs.gov/eqcenter/recenteqsww/Quakes/us2008nvcr.php</qu127>
<qu128>  6.4|2008/02/24 14:46:21|  -2.3674|  99.9487|  22.00|Kepulauan Mentawai region, Indonesia|http://earthquake.usgs.gov/eqcenter/recenteqsww/Quakes/us2008nvcg.php</qu128>
<qu129>  5.4|2008/02/24 14:40:29|  -2.5038|  99.8945|  24.80|Kepulauan Mentawai region, Indonesia|http://earthquake.usgs.gov/eqcenter/recenteqsww/Quakes/us2008nvcf.php</qu129>
<qu130>  3.5|2008/02/24 14:13:33|  32.6578|-115.9553|  13.60|Southern California|http://earthquake.usgs.gov/eqcenter/recenteqsww/Quakes/ci14352412.php</qu130>
<qu131>  2.8|2008/02/24 13:51:06|  54.3092|-164.4383|  98.60|Unimak Island region, Alaska|http://earthquake.usgs.gov/eqcenter/recenteqsww/Quakes/ak00029136.php</qu131>
<qu132>  3.4|2008/02/24 13:30:41|  19.1230| -66.8043|  39.90|Puerto Rico region|http://earthquake.usgs.gov/eqcenter/recenteqsww/Quakes/prp0805501.php</qu132>
<qu133>  4.2|2008/02/24 12:16:42|  -8.1792| 105.5195|  30.00|south of Java, Indonesia|http://earthquake.usgs.gov/eqcenter/recenteqsww/Quakes/us2008nvee.php</qu133>
<qu134>  4.7|2008/02/24 12:10:49|  -2.5987|  99.9322|  35.00|Kepulauan Mentawai region, Indonesia|http://earthquake.usgs.gov/eqcenter/recenteqsww/Quakes/us2008nved.php</qu134>
<qu135>  2.5|2008/02/24 10:29:09|  60.1337|-152.9315| 100.00|Southern Alaska|http://earthquake.usgs.gov/eqcenter/recenteqsww/Quakes/ak00029129.php</qu135>
<qu136>  2.5|2008/02/24 09:58:11|  51.7633|-174.0293|  53.20|Andreanof Islands, Aleutian Islands, Alaska|http://earthquake.usgs.gov/eqcenter/recenteqsww/Quakes/ak00029125.php</qu136>
<qu137>  2.5|2008/02/24 09:51:09|  32.4006|-115.2836|   6.00|Baja California, Mexico|http://earthquake.usgs.gov/eqcenter/recenteqsww/Quakes/ci14352388.php</qu137>
<qu138>  2.9|2008/02/24 09:18:20|  38.8163|-122.8137|   1.80|Northern California|http://earthquake.usgs.gov/eqcenter/recenteqsww/Quakes/nc51197038.php</qu138>
<qu139>  5.4|2008/02/24 08:53:38|  -2.3228|  99.9640|  32.40|Kepulauan Mentawai region, Indonesia|http://earthquake.usgs.gov/eqcenter/recenteqsww/Quakes/us2008nvbr.php</qu139>
<qu140>  2.6|2008/02/24 08:26:44|  61.9265|-149.2440|   1.50|Southern Alaska|http://earthquake.usgs.gov/eqcenter/recenteqsww/Quakes/ak00029114.php</qu140>
<qu141>  2.5|2008/02/24 08:19:09|  32.3948|-115.2626|   6.00|Baja California, Mexico|http://earthquake.usgs.gov/eqcenter/recenteqsww/Quakes/ci14352380.php</qu141>
<qu142>  2.6|2008/02/24 07:00:46|  32.4146|-115.3080|  16.80|Baja California, Mexico|http://earthquake.usgs.gov/eqcenter/recenteqsww/Quakes/ci14352368.php</qu142>
<qu143>  3.2|2008/02/24 06:22:37|  19.0712| -64.5340|  65.50|Virgin Islands region|http://earthquake.usgs.gov/eqcenter/recenteqsww/Quakes/prp0805503.php</qu143>
<qu144>  2.8|2008/02/24 05:38:25|  38.8137|-122.8132|   1.70|Northern California|http://earthquake.usgs.gov/eqcenter/recenteqsww/Quakes/nc51197020.php</qu144>
<qu145>  4.1|2008/02/24 05:32:10|  38.8178|-122.8095|   2.40|Northern California|http://earthquake.usgs.gov/eqcenter/recenteqsww/Quakes/nc51197011.php</qu145>
<qu146>  5.5|2008/02/24 04:36:28|  -3.8224| 101.8165|  35.00|southern Sumatra, Indonesia|http://earthquake.usgs.gov/eqcenter/recenteqsww/Quakes/us2008nva2.php</qu146>
<qu147>  3.2|2008/02/24 03:49:17|  18.3053| -64.5968|   5.30|Virgin Islands region|http://earthquake.usgs.gov/eqcenter/recenteqsww/Quakes/prp0805502.php</qu147>
<qu148>  3.1|2008/02/24 02:42:43|  53.4778|-167.4413|  20.80|Fox Islands, Aleutian Islands, Alaska|http://earthquake.usgs.gov/eqcenter/recenteqsww/Quakes/ak00029096.php</qu148>
<qu149>  2.8|2008/02/24 01:23:25|  36.6515|-121.2668|   4.20|Central California|http://earthquake.usgs.gov/eqcenter/recenteqsww/Quakes/nc51197001.php</qu149>
<qu150>  3.0|2008/02/23 22:56:40|  41.1917|-114.8126|   5.00|Nevada|http://earthquake.usgs.gov/eqcenter/recenteqsww/Quakes/us2008nufg.php</qu150>
<qu151>  4.5|2008/02/23 22:01:52|  52.4921| 173.3555|  43.30|Near Islands, Aleutian Islands, Alaska|http://earthquake.usgs.gov/eqcenter/recenteqsww/Quakes/us2008nufb.php</qu151>
<qu152>  3.7|2008/02/23 21:51:33|  32.4386|-115.2916|   6.00|Baja California, Mexico|http://earthquake.usgs.gov/eqcenter/recenteqsww/Quakes/ci14352292.php</qu152>
<qu153>  2.8|2008/02/23 20:21:50|  50.9088|-179.0596|   7.70|Andreanof Islands, Aleutian Islands, Alaska|http://earthquake.usgs.gov/eqcenter/recenteqsww/Quakes/ak00029450.php</qu153>
<qu154>  3.1|2008/02/23 19:55:58|  52.4520|-166.8391|  26.70|Fox Islands, Aleutian Islands, Alaska|http://earthquake.usgs.gov/eqcenter/recenteqsww/Quakes/ak00029075.php</qu154>
<qu155>  2.5|2008/02/23 19:44:50|  32.4365|-115.3165|   6.00|Baja California, Mexico|http://earthquake.usgs.gov/eqcenter/recenteqsww/Quakes/ci14352280.php</qu155>
<qu156>  2.9|2008/02/23 18:56:48|  51.4843| 179.9135|  53.70|Rat Islands, Aleutian Islands, Alaska|http://earthquake.usgs.gov/eqcenter/recenteqsww/Quakes/ak00029444.php</qu156>
<qu157>  3.2|2008/02/23 17:32:29|  19.4280| -67.5380|  21.50|Puerto Rico region|http://earthquake.usgs.gov/eqcenter/recenteqsww/Quakes/prp0805403.php</qu157>
<qu158>  3.9|2008/02/23 17:11:32|  51.1135|-179.3090|  25.60|Andreanof Islands, Aleutian Islands, Alaska|http://earthquake.usgs.gov/eqcenter/recenteqsww/Quakes/ak00029067.php</qu158>
<qu159>  2.9|2008/02/23 16:16:47|  61.7002|-146.0283|   0.00|Southern Alaska|http://earthquake.usgs.gov/eqcenter/recenteqsww/Quakes/ak00029061.php</qu159>
<qu160>  5.0|2008/02/23 16:05:09|  49.2539| 156.0243|  62.40|Kuril Islands|http://earthquake.usgs.gov/eqcenter/recenteqsww/Quakes/us2008nuee.php</qu160>
<qu161>  6.7|2008/02/23 15:57:20| -57.0725| -23.3976|  10.00|South Sandwich Islands region|http://earthquake.usgs.gov/eqcenter/recenteqsww/Quakes/us2008nud7.php</qu161>
<qu162>  2.9|2008/02/23 15:19:44|  17.9202| -67.1192|   9.30|Puerto Rico region|http://earthquake.usgs.gov/eqcenter/recenteqsww/Quakes/prp0805401.php</qu162>
<qu163>  2.8|2008/02/23 13:47:15|  32.4155|-115.2928|   6.00|Baja California, Mexico|http://earthquake.usgs.gov/eqcenter/recenteqsww/Quakes/ci14352208.php</qu163>
<qu164>  4.7|2008/02/23 12:41:33|  40.3655| -29.4132|  10.00|Azores Islands region|http://earthquake.usgs.gov/eqcenter/recenteqsww/Quakes/us2008nudh.php</qu164>
<qu165>  5.3|2008/02/23 12:35:32|  40.7490| -29.2910|  10.00|Azores Islands region|http://earthquake.usgs.gov/eqcenter/recenteqsww/Quakes/us2008nudf.php</qu165>
<qu166>  5.0|2008/02/23 11:56:10|  40.5487| -29.3470|  10.00|Azores Islands region|http://earthquake.usgs.gov/eqcenter/recenteqsww/Quakes/us2008nudb.php</qu166>
<qu167>  4.8|2008/02/23 11:09:46|  40.4794| -29.3134|  10.00|Azores Islands region|http://earthquake.usgs.gov/eqcenter/recenteqsww/Quakes/us2008nuc6.php</qu167>
<qu168>  5.2|2008/02/23 11:03:54|  40.6730| -29.3099|  10.00|Azores Islands region|http://earthquake.usgs.gov/eqcenter/recenteqsww/Quakes/us2008nuc5.php</qu168>
<qu169>  3.1|2008/02/23 11:03:31|  32.4330|-115.3213|   6.00|Baja California, Mexico|http://earthquake.usgs.gov/eqcenter/recenteqsww/Quakes/ci14352188.php</qu169>
<qu170>  2.9|2008/02/23 10:30:25|  19.4895|-155.8946|  14.20|Island of Hawaii, Hawaii|http://earthquake.usgs.gov/eqcenter/recenteqsww/Quakes/hv00027793.php</qu170>
<qu171>  4.0|2008/02/23 09:11:24|  52.1047| 178.0118|  57.30|Rat Islands, Aleutian Islands, Alaska|http://earthquake.usgs.gov/eqcenter/recenteqsww/Quakes/ak00029037.php</qu171>
<qu172>  2.8|2008/02/23 08:38:56|  41.1700|-114.9090|   6.90|Nevada|http://earthquake.usgs.gov/eqcenter/recenteqsww/Quakes/us2008nucl.php</qu172>
<qu173>  3.2|2008/02/23 08:16:22|  50.7262|-173.4162|  65.00|Andreanof Islands, Aleutian Islands, Alaska|http://earthquake.usgs.gov/eqcenter/recenteqsww/Quakes/ak00029028.php</qu173>
<qu174>  2.6|2008/02/23 08:06:22|  41.1130|-114.8910|   7.60|Nevada|http://earthquake.usgs.gov/eqcenter/recenteqsww/Quakes/us2008nucg.php</qu174>
<qu175>  4.6|2008/02/23 08:04:55|  40.4265| -29.3991|  10.00|Azores Islands region|http://earthquake.usgs.gov/eqcenter/recenteqsww/Quakes/us2008nufq.php</qu175>
<qu176>  2.9|2008/02/23 08:00:32|  51.4749|-179.1029|   7.70|Andreanof Islands, Aleutian Islands, Alaska|http://earthquake.usgs.gov/eqcenter/recenteqsww/Quakes/ak00029024.php</qu176>
<qu177>  5.4|2008/02/23 07:17:09|  -2.6047|  99.8712|  20.20|Kepulauan Mentawai region, Indonesia|http://earthquake.usgs.gov/eqcenter/recenteqsww/Quakes/us2008nucd.php</qu177>
<qu178>  3.2|2008/02/23 06:58:30|  52.0738|-175.8442| 214.40|Andreanof Islands, Aleutian Islands, Alaska|http://earthquake.usgs.gov/eqcenter/recenteqsww/Quakes/ak00029020.php</qu178>
<qu179>  2.5|2008/02/23 06:36:13|  41.0313|-114.9278|  10.00|Nevada|http://earthquake.usgs.gov/eqcenter/recenteqsww/Quakes/us2008nub4.php</qu179>
<qu180>  2.5|2008/02/23 06:33:58|  41.1470|-114.9300|  16.70|Nevada|http://earthquake.usgs.gov/eqcenter/recenteqsww/Quakes/us2008nub3.php</qu180>
<qu181>  2.8|2008/02/23 05:04:53|  41.1783|-114.8671|  20.70|Nevada|http://earthquake.usgs.gov/eqcenter/recenteqsww/Quakes/uu00012474.php</qu181>
<qu182>  4.9|2008/02/23 04:41:19|  36.4917|  70.9278| 192.70|Hindu Kush region, Afghanistan|http://earthquake.usgs.gov/eqcenter/recenteqsww/Quakes/us2008nubg.php</qu182>
<qu183>  4.9|2008/02/23 03:23:06|   4.0057| -78.6826|  10.00|south of Panama|http://earthquake.usgs.gov/eqcenter/recenteqsww/Quakes/us2008nuba.php</qu183>
<qu184>  2.5|2008/02/23 02:24:00|  32.4243|-115.2700|   6.00|Baja California, Mexico|http://earthquake.usgs.gov/eqcenter/recenteqsww/Quakes/ci14352140.php</qu184>
<qu185>  3.0|2008/02/23 02:19:15|  60.0038|-153.2127| 140.30|Southern Alaska|http://earthquake.usgs.gov/eqcenter/recenteqsww/Quakes/ak00029004.php</qu185>
<qu186>  3.3|2008/02/23 02:18:45|  32.4038|-115.2680|   6.00|Baja California, Mexico|http://earthquake.usgs.gov/eqcenter/recenteqsww/Quakes/ci14352136.php</qu186>
<qu187>  4.9|2008/02/23 02:01:07|  51.9091| 176.1985|  45.30|Rat Islands, Aleutian Islands, Alaska|http://earthquake.usgs.gov/eqcenter/recenteqsww/Quakes/us2008nua2.php</qu187>
<qu188>  3.0|2008/02/23 00:06:32|  32.3808|-115.2703|   6.00|Baja California, Mexico|http://earthquake.usgs.gov/eqcenter/recenteqsww/Quakes/ci14352104.php</qu188>
<qu189>  2.7|2008/02/22 23:45:16|  51.2316|-178.5463|  26.70|Andreanof Islands, Aleutian Islands, Alaska|http://earthquake.usgs.gov/eqcenter/recenteqsww/Quakes/ak00028990.php</qu189>
<qu190>  4.3|2008/02/22 23:27:46|  41.0381|-114.8658|  10.00|Nevada|http://earthquake.usgs.gov/eqcenter/recenteqsww/Quakes/us2008ntg4.php</qu190>
<qu191>  3.2|2008/02/22 23:24:04|  41.0544|-114.9005|  10.00|Nevada|http://earthquake.usgs.gov/eqcenter/recenteqsww/Quakes/us2008ntg5.php</qu191>
<qu192>  2.5|2008/02/22 22:05:21|  32.3788|-115.2921|   6.00|Baja California, Mexico|http://earthquake.usgs.gov/eqcenter/recenteqsww/Quakes/ci14352084.php</qu192>
<qu193>  3.1|2008/02/22 22:01:26|  32.4050|-115.2873|   6.00|Baja California, Mexico|http://earthquake.usgs.gov/eqcenter/recenteqsww/Quakes/ci14352076.php</qu193>
<qu194>  3.1|2008/02/22 21:08:02|  32.4176|-115.2810|   6.00|Baja California, Mexico|http://earthquake.usgs.gov/eqcenter/recenteqsww/Quakes/ci14352060.php</qu194>
<qu195>  2.9|2008/02/22 19:40:12|  32.3623|-115.2870|   6.00|Baja California, Mexico|http://earthquake.usgs.gov/eqcenter/recenteqsww/Quakes/ci14352024.php</qu195>
<qu196>  4.4|2008/02/22 19:33:52|  32.3901|-115.2698|   6.00|Baja California, Mexico|http://earthquake.usgs.gov/eqcenter/recenteqsww/Quakes/ci12330895.php</qu196>
<qu197>  4.8|2008/02/22 19:31:18|  32.4210|-115.2853|   6.00|Baja California, Mexico|http://earthquake.usgs.gov/eqcenter/recenteqsww/Quakes/ci14352012.php</qu197>
<qu198>  3.2|2008/02/22 19:22:30|  41.1220|-114.8880|   5.30|Nevada|http://earthquake.usgs.gov/eqcenter/recenteqsww/Quakes/us2008nti3.php</qu198>
<qu199>  3.1|2008/02/22 19:06:38|  50.9446|-177.3019|  26.70|Andreanof Islands, Aleutian Islands, Alaska|http://earthquake.usgs.gov/eqcenter/recenteqsww/Quakes/ak00028938.php</qu199>
<qu200>  3.0|2008/02/22 18:30:19|  41.1070|-114.9110|  13.00|Nevada|http://earthquake.usgs.gov/eqcenter/recenteqsww/Quakes/us2008nte2.php</qu200>
<qu201>  2.8|2008/02/22 18:20:26|  61.7698|-151.6328|  96.10|Southern Alaska|http://earthquake.usgs.gov/eqcenter/recenteqsww/Quakes/ak00028931.php</qu201>
<qu202>  2.5|2008/02/22 18:00:23|  62.6758|-151.5872|   3.00|Central Alaska|http://earthquake.usgs.gov/eqcenter/recenteqsww/Quakes/ak00028926.php</qu202>
<qu203>  3.0|2008/02/22 17:31:45|  41.1140|-114.8780|   7.80|Nevada|http://earthquake.usgs.gov/eqcenter/recenteqsww/Quakes/us2008ntet.php</qu203>
<qu204>  3.2|2008/02/22 17:10:20|  41.1210|-114.9120|   8.20|Nevada|http://earthquake.usgs.gov/eqcenter/recenteqsww/Quakes/us2008nter.php</qu204>
<qu205>  3.2|2008/02/22 15:30:23|  41.1336|-115.0553|   5.00|Nevada|http://earthquake.usgs.gov/eqcenter/recenteqsww/Quakes/us2008nteb.php</qu205>
<qu206>  5.1|2008/02/22 15:26:51| -21.0748|-174.5074|  35.00|Tonga|http://earthquake.usgs.gov/eqcenter/recenteqsww/Quakes/us2008nted.php</qu206>
<qu207>  2.9|2008/02/22 14:03:11|  37.4075|-121.7557|   7.90|San Francisco Bay area, California|http://earthquake.usgs.gov/eqcenter/recenteqsww/Quakes/nc51196909.php</qu207>
<qu208>  2.6|2008/02/22 13:55:24|  52.7263|-164.2303|  13.30|south of Alaska|http://earthquake.usgs.gov/eqcenter/recenteqsww/Quakes/ak00029306.php</qu208>
<qu209>  3.2|2008/02/22 11:17:26|  41.0512|-114.8560|  10.00|Nevada|http://earthquake.usgs.gov/eqcenter/recenteqsww/Quakes/us2008ntdn.php</qu209>
<qu210>  3.2|2008/02/22 11:05:32|  41.1000|-114.7321|  10.00|Nevada|http://earthquake.usgs.gov/eqcenter/recenteqsww/Quakes/us2008ntdi.php</qu210>
<qu211>  3.0|2008/02/22 10:45:06|  54.2587|-162.3291|   4.80|Alaska Peninsula|http://earthquake.usgs.gov/eqcenter/recenteqsww/Quakes/ak00028909.php</qu211>
<qu212>  3.1|2008/02/22 10:37:49|  40.5992|-125.5558|   2.60|offshore Northern California|http://earthquake.usgs.gov/eqcenter/recenteqsww/Quakes/nc51196893.php</qu212>
<qu213>  3.1|2008/02/22 10:27:11|  41.1080|-114.9220|  12.00|Nevada|http://earthquake.usgs.gov/eqcenter/recenteqsww/Quakes/us2008ntc9.php</qu213>
<qu214>  2.6|2008/02/22 09:59:56|  54.3836|-162.0321|   4.80|Alaska Peninsula|http://earthquake.usgs.gov/eqcenter/recenteqsww/Quakes/ak00028907.php</qu214>
<qu215>  2.9|2008/02/22 09:07:08|  32.4153|-115.3065|   6.00|Baja California, Mexico|http://earthquake.usgs.gov/eqcenter/recenteqsww/Quakes/ci14351940.php</qu215>
<qu216>  4.5|2008/02/22 08:44:59|  26.9546| 142.8713|  45.90|Bonin Islands, Japan region|http://earthquake.usgs.gov/eqcenter/recenteqsww/Quakes/us2008ntdx.php</qu216>
<qu217>  4.6|2008/02/22 08:24:41|  34.3981| 137.9745| 265.60|near the south coast of Honshu, Japan|http://earthquake.usgs.gov/eqcenter/recenteqsww/Quakes/us2008ntdw.php</qu217>
<qu218>  2.6|2008/02/22 08:17:25|  40.9640|-114.9374|  10.00|Nevada|http://earthquake.usgs.gov/eqcenter/recenteqsww/Quakes/us2008ntcv.php</qu218>
<qu219>  4.2|2008/02/22 08:15:38|  14.6181| -92.5232|  93.60|offshore Chiapas, Mexico|http://earthquake.usgs.gov/eqcenter/recenteqsww/Quakes/us2008ntcw.php</qu219>
<qu220>  3.0|2008/02/22 07:58:46|  50.9101|-177.1588|  24.30|Andreanof Islands, Aleutian Islands, Alaska|http://earthquake.usgs.gov/eqcenter/recenteqsww/Quakes/ak00028901.php</qu220>
<qu221>  3.1|2008/02/22 07:33:35|  41.1390|-114.9480|  12.80|Nevada|http://earthquake.usgs.gov/eqcenter/recenteqsww/Quakes/us2008ntcq.php</qu221>
<qu222>  2.7|2008/02/22 06:49:35|  41.1410|-114.9330|  14.00|Nevada|http://earthquake.usgs.gov/eqcenter/recenteqsww/Quakes/us2008ntck.php</qu222>
<qu223>  3.8|2008/02/22 06:42:40|  50.9984|-177.2216|  20.80|Andreanof Islands, Aleutian Islands, Alaska|http://earthquake.usgs.gov/eqcenter/recenteqsww/Quakes/ak00028898.php</qu223>
<qu224>  2.9|2008/02/22 06:38:24|  51.0124|-177.2061|  20.40|Andreanof Islands, Aleutian Islands, Alaska|http://earthquake.usgs.gov/eqcenter/recenteqsww/Quakes/ak00028897.php</qu224>
<qu225>  4.4|2008/02/22 06:20:08|  51.0448|-177.3335|  45.20|Andreanof Islands, Aleutian Islands, Alaska|http://earthquake.usgs.gov/eqcenter/recenteqsww/Quakes/us2008ntci.php</qu225>
<qu226>  3.9|2008/02/22 05:53:15|  17.6587| -62.4658|  70.90|Saint Kitts and Nevis region, Leeward Islands|http://earthquake.usgs.gov/eqcenter/recenteqsww/Quakes/prp0805301.php</qu226>
<qu227>  2.5|2008/02/22 05:47:46|  41.1530|-114.9260|  14.30|Nevada|http://earthquake.usgs.gov/eqcenter/recenteqsww/Quakes/us2008ntch.php</qu227>
<qu228>  2.6|2008/02/22 05:36:23|  40.9027|-114.9132|  10.00|Nevada|http://earthquake.usgs.gov/eqcenter/recenteqsww/Quakes/us2008ntcf.php</qu228>
<qu229>  3.2|2008/02/22 05:07:22|  41.1840|-114.9280|   5.00|Nevada|http://earthquake.usgs.gov/eqcenter/recenteqsww/Quakes/us2008ntca.php</qu229>
<qu230>  2.8|2008/02/22 05:04:31|  50.8834|-177.1500|  27.80|Andreanof Islands, Aleutian Islands, Alaska|http://earthquake.usgs.gov/eqcenter/recenteqsww/Quakes/ak00028894.php</qu230>
<qu231>  2.7|2008/02/22 04:52:00|  54.0040|-163.9834|  25.10|Unimak Island region, Alaska|http://earthquake.usgs.gov/eqcenter/recenteqsww/Quakes/ak00028892.php</qu231>
<qu232>  2.6|2008/02/22 04:03:32|  38.7950|-122.7950|   3.30|Northern California|http://earthquake.usgs.gov/eqcenter/recenteqsww/Quakes/nc51196876.php</qu232>
<qu233>  2.7|2008/02/22 03:57:41|  37.4137|-121.7632|   7.30|San Francisco Bay area, California|http://earthquake.usgs.gov/eqcenter/recenteqsww/Quakes/nc51196875.php</qu233>
<qu234>  2.5|2008/02/22 03:56:44|  41.1158|-114.9863|  10.00|Nevada|http://earthquake.usgs.gov/eqcenter/recenteqsww/Quakes/us2008ntb5.php</qu234>
<qu235>  2.5|2008/02/22 02:55:22|  50.9404|-177.1763|  26.30|Andreanof Islands, Aleutian Islands, Alaska|http://earthquake.usgs.gov/eqcenter/recenteqsww/Quakes/ak00028886.php</qu235>
<qu236>  2.8|2008/02/22 02:51:43|  41.0365|-114.9346|  10.00|Nevada|http://earthquake.usgs.gov/eqcenter/recenteqsww/Quakes/us2008ntbw.php</qu236>
<qu237>  2.5|2008/02/22 02:46:55|  50.9417|-177.1834|  25.90|Andreanof Islands, Aleutian Islands, Alaska|http://earthquake.usgs.gov/eqcenter/recenteqsww/Quakes/ak00028885.php</qu237>
<qu238>  2.7|2008/02/22 02:28:16|  50.9224|-177.1967|  16.60|Andreanof Islands, Aleutian Islands, Alaska|http://earthquake.usgs.gov/eqcenter/recenteqsww/Quakes/ak00028883.php</qu238>
<qu239>  2.8|2008/02/22 02:22:30|  58.2575|-154.2098|  77.30|Alaska Peninsula|http://earthquake.usgs.gov/eqcenter/recenteqsww/Quakes/ak00028882.php</qu239>
<qu240>  2.7|2008/02/22 02:12:27|  50.9421|-177.2071|  17.40|Andreanof Islands, Aleutian Islands, Alaska|http://earthquake.usgs.gov/eqcenter/recenteqsww/Quakes/ak00028880.php</qu240>
<qu241>  2.6|2008/02/22 01:54:32|  50.9026|-177.1855|  29.80|Andreanof Islands, Aleutian Islands, Alaska|http://earthquake.usgs.gov/eqcenter/recenteqsww/Quakes/ak00028877.php</qu241>
<qu242>  3.9|2008/02/22 01:50:06|  41.0232|-114.9323|  10.00|Nevada|http://earthquake.usgs.gov/eqcenter/recenteqsww/Quakes/us2008nta3.php</qu242>
<qu243>  2.5|2008/02/22 01:04:08|  50.9232|-177.2249|  24.50|Andreanof Islands, Aleutian Islands, Alaska|http://earthquake.usgs.gov/eqcenter/recenteqsww/Quakes/ak00028875.php</qu243>
</quakes>
<quakes>
<wequ001>  9.5|1960/05/22 19:11:14|  -38.24|-73.05|   0.0|Chile, #1|http://earthquake.usgs.gov/regional/world/events/1960_05_22.php</wequ001>
<wequ002>  9.2|1964/03/28 03:36:14|  61.02|-147.65|   0.0|Prince William Sound, Alaska, #2|http://earthquake.usgs.gov/regional/states/events/1964_03_28.php</wequ002>
<wequ003>  9.1|2004/12/26 00:58:53|  3.30|95.78|   0.0|West Coast, Northern Sumatra, #3|http://earthquake.usgs.gov/eqcenter/eqinthenews/2004/usslav/</wequ003>
<wequ004>  9.0|1952/11/04 16:58:26|  52.76|160.06|   0.0|Kamchatka, #4|http://earthquake.usgs.gov/regional/world/events/1952_11_04.php</wequ004>
<wequ005>  8.8|1906/01/31 15:35:00|  1.0|-81.5|   0.0|Off the Coast of Ecuador, #5|http://earthquake.usgs.gov/regional/world/events/1906_01_31.php</wequ005>
<wequ006>  8.7|1965/02/04 05:01:00|  51.21|178.50|   0.0|Rat Islands, Alaska, #6|http://earthquake.usgs.gov/regional/states/events/1965_02_04.php</wequ006>
<wequ007>  8.7|1755/11/01 10:16:00|  36.0|-11.0|   0.0|near Lisbon, Portugal|http://earthquake.usgs.gov/regional/world/events/1755_11_01.php</wequ007>
<wequ008>  8.6|2005/03/28 16:09:36|  2.08|97.01|   0.0|Northern Sumatra, Indonesia, #7|http://earthquake.usgs.gov/eqcenter/eqinthenews/2005/usweax/</wequ008>
<wequ009>  8.6|1950/08/15 14:09:00|  28.5|96.5|   0.0|Assam, Tibet, #8|http://earthquake.usgs.gov/regional/world/events/1950_08_15.php</wequ009>
<wequ010>  8.6|1957/03/09 14:22:31|  51.56|-175.39|   0.0|Andreanof Islands, Alaska, #9|http://earthquake.usgs.gov/regional/states/events/1957_03_09.php</wequ010>
<wequ011>  8.6|1938/02/01 19:04:00|  -5.05|131.62|   0.0|Banda Sea, Indonesia, #10|http://earthquake.usgs.gov/regional/world/events/1938_02_01.php</wequ011>
<wequ012>  8.5|1923/02/03 00:00:00|  54.0|161.0|   0.0|Kamchatka, #11|http://earthquake.usgs.gov/regional/world/10_largest_world.php</wequ012>
<wequ013>  8.5|1922/11/11 04:32:00|  -28.55|-70.5|   0.0|Chile-Argentina Border, #12|http://earthquake.usgs.gov/regional/world/events/1922_11_11.php</wequ013>
<wequ014>  8.5|1963/10/13 00:00:00|  44.9|149.6|   0.0|Kuril Islands, #13|http://earthquake.usgs.gov/regional/world/10_largest_world.php</wequ014>
</quakes>

</project_preferences>
 <host_info>
 <domain_name>demo</domain_name>
 </host_info>
 </app_init_data>
