<app_init_data>
<major_version>6</major_version>
<minor_version>1</minor_version>
<release>0</release>
<app_version>212</app_version>
<app_name>qcn</app_name>
<user_name>Jesse Lawrence</user_name>
<team_name>Stanford University</team_name>
<project_dir>../../projects/qcn.edu_qcn</project_dir>
<boinc_dir>../../</boinc_dir>
<authenticator>j8fb6ed9d720f8a2da26311575644803</authenticator>
<wu_name>qcn1</wu_name>
<shm_key>16940501</shm_key>
<slot>0</slot>
<wu_cpu_time>0.000000</wu_cpu_time>
<user_total_credit>0.000000</user_total_credit>
<user_expavg_credit>0.000000</user_expavg_credit>
<host_total_credit>0.000000</host_total_credit>
<host_expavg_credit>0.000000</host_expavg_credit>
<resource_share_fraction>1.000000</resource_share_fraction>
<checkpoint_period>60.000000</checkpoint_period>
<fraction_done_update_period>1.000000</fraction_done_update_period>
<fraction_done_start>0.000000</fraction_done_start>
<fraction_done_end>1.000000</fraction_done_end>
<rsc_fpops_est>1000000.000000</rsc_fpops_est>
<rsc_fpops_bound>10000000000.000000</rsc_fpops_bound>
<rsc_memory_bound>100000000.000000</rsc_memory_bound>
<rsc_disk_bound>100000000.000000</rsc_disk_bound>
<project_preferences>

<quakes>
<qu001>  3.2|2008/01/19 23:11:59|  61.7232|-146.6139|  18.50|Southern Alaska|http://earthquake.usgs.gov/eqcenter/recenteqsww/Quakes/ak00025113.php</qu001>
<qu002>  3.3|2008/01/19 23:10:15|  40.1485|-122.7543|  10.40|Northern California|http://earthquake.usgs.gov/eqcenter/recenteqsww/Quakes/nc51194935.php</qu002>
<qu003>  3.0|2008/01/19 22:09:04|  58.5015|-152.2917|   6.90|Kodiak Island region, Alaska|http://earthquake.usgs.gov/eqcenter/recenteqsww/Quakes/ak00025111.php</qu003>
<qu004>  4.4|2008/01/19 21:41:33|  33.3356|  57.3757|  68.50|eastern Iran|http://earthquake.usgs.gov/eqcenter/recenteqsww/Quakes/us2008mjbp.php</qu004>
<qu005>  5.2|2008/01/19 19:33:48| -14.9454| 167.3740| 117.90|Vanuatu|http://earthquake.usgs.gov/eqcenter/recenteqsww/Quakes/us2008mjbe.php</qu005>
<qu006>  5.1|2008/01/19 19:24:59|  36.4293|  70.7201| 202.90|Hindu Kush region, Afghanistan|http://earthquake.usgs.gov/eqcenter/recenteqsww/Quakes/us2008mjbd.php</qu006>
<qu007>  2.5|2008/01/19 18:17:53|  40.1483|-122.7687|  10.30|Northern California|http://earthquake.usgs.gov/eqcenter/recenteqsww/Quakes/nc51194920.php</qu007>
<qu008>  3.4|2008/01/19 18:14:57|  40.1537|-122.7610|   9.90|Northern California|http://earthquake.usgs.gov/eqcenter/recenteqsww/Quakes/nc51194919.php</qu008>
<qu009>  3.1|2008/01/19 17:58:01|  54.0506|-164.2307|  88.60|Unimak Island region, Alaska|http://earthquake.usgs.gov/eqcenter/recenteqsww/Quakes/ak00025094.php</qu009>
<qu010>  2.7|2008/01/19 17:52:51|  40.1652|-122.7637|   0.00|Northern California|http://earthquake.usgs.gov/eqcenter/recenteqsww/Quakes/nc51194916.php</qu010>
<qu011>  4.4|2008/01/19 17:18:46|  40.1745|-122.7550|  10.10|Northern California|http://earthquake.usgs.gov/eqcenter/recenteqsww/Quakes/nc51194914.php</qu011>
<qu012>  4.9|2008/01/19 15:47:23|  54.1428| 159.9360| 133.60|near the east coast of the Kamchatka Peninsula, Russia|http://earthquake.usgs.gov/eqcenter/recenteqsww/Quakes/us2008mja3.php</qu012>
<qu013>  5.1|2008/01/19 13:45:25| -21.9260|-178.3868| 411.50|Fiji region|http://earthquake.usgs.gov/eqcenter/recenteqsww/Quakes/us2008mjax.php</qu013>
<qu014>  4.7|2008/01/19 09:43:19|  -8.0576| 119.9486| 191.80|Flores region, Indonesia|http://earthquake.usgs.gov/eqcenter/recenteqsww/Quakes/us2008mjat.php</qu014>
<qu015>  4.8|2008/01/19 07:32:30|  51.3746|  98.0551|  10.00|Russia-Mongolia border region|http://earthquake.usgs.gov/eqcenter/recenteqsww/Quakes/us2008mjaq.php</qu015>
<qu016>  3.3|2008/01/19 05:57:32|  18.5953| -63.9997|  58.00|Virgin Islands region|http://earthquake.usgs.gov/eqcenter/recenteqsww/Quakes/prp0801901.php</qu016>
<qu017>  4.2|2008/01/19 05:55:04|  20.9741| 121.4061|  10.00|Batan Islands region, Philippines|http://earthquake.usgs.gov/eqcenter/recenteqsww/Quakes/us2008mjal.php</qu017>
<qu018>  4.8|2008/01/19 00:50:28|   0.9412| 126.0807|  10.00|Molucca Sea|http://earthquake.usgs.gov/eqcenter/recenteqsww/Quakes/us2008mjac.php</qu018>
<qu019>  3.0|2008/01/19 00:37:42|  51.5912|-178.4612|  37.30|Andreanof Islands, Aleutian Islands, Alaska|http://earthquake.usgs.gov/eqcenter/recenteqsww/Quakes/ak00025012.php</qu019>
<qu020>  4.8|2008/01/18 23:46:55| -15.1114| -74.6627|  54.90|near the coast of southern Peru|http://earthquake.usgs.gov/eqcenter/recenteqsww/Quakes/us2008mibh.php</qu020>
<qu021>  5.0|2008/01/18 22:21:49|  11.5378| 141.3174|  37.30|State of Yap, Federated States of Micronesia|http://earthquake.usgs.gov/eqcenter/recenteqsww/Quakes/us2008miba.php</qu021>
<qu022>  4.3|2008/01/18 21:33:01| -23.6151| -66.6608| 193.50|Jujuy, Argentina|http://earthquake.usgs.gov/eqcenter/recenteqsww/Quakes/us2008mia6.php</qu022>
<qu023>  3.0|2008/01/18 21:20:58|  18.4697| -64.4223|  96.80|Virgin Gorda, British Virgin Islands|http://earthquake.usgs.gov/eqcenter/recenteqsww/Quakes/prp0801803.php</qu023>
<qu024>  3.0|2008/01/18 20:24:08|  18.4983| -66.4073| 121.40|Puerto Rico region|http://earthquake.usgs.gov/eqcenter/recenteqsww/Quakes/prp0801801.php</qu024>
<qu025>  2.7|2008/01/18 20:23:37|  62.5790|-150.9922|  16.30|Central Alaska|http://earthquake.usgs.gov/eqcenter/recenteqsww/Quakes/ak00024945.php</qu025>
<qu026>  5.1|2008/01/18 19:31:12| -20.8747|-179.1888| 640.60|Fiji region|http://earthquake.usgs.gov/eqcenter/recenteqsww/Quakes/us2008miay.php</qu026>
<qu027>  4.7|2008/01/18 19:18:51|  37.9987|  73.1522|  61.60|Tajikistan|http://earthquake.usgs.gov/eqcenter/recenteqsww/Quakes/us2008miau.php</qu027>
<qu028>  4.8|2008/01/18 19:18:15|  22.0332| 144.4855|  31.70|Volcano Islands, Japan region|http://earthquake.usgs.gov/eqcenter/recenteqsww/Quakes/us2008miaw.php</qu028>
<qu029>  4.6|2008/01/18 18:20:28|  21.8098| 145.4807|  35.00|Mariana Islands region|http://earthquake.usgs.gov/eqcenter/recenteqsww/Quakes/us2008miav.php</qu029>
<qu030>  2.7|2008/01/18 16:47:53|  59.4936|-152.9192|  87.30|Southern Alaska|http://earthquake.usgs.gov/eqcenter/recenteqsww/Quakes/ak00024928.php</qu030>
<qu031>  2.9|2008/01/18 16:24:19|  35.7963|-120.3518|  10.40|Central California|http://earthquake.usgs.gov/eqcenter/recenteqsww/Quakes/nc51194860.php</qu031>
<qu032>  2.5|2008/01/18 15:37:44|  61.7522|-146.7416|  19.10|Southern Alaska|http://earthquake.usgs.gov/eqcenter/recenteqsww/Quakes/ak00024921.php</qu032>
<qu033>  2.9|2008/01/18 12:38:20|  35.7963|-120.3512|  10.70|Central California|http://earthquake.usgs.gov/eqcenter/recenteqsww/Quakes/nc51194846.php</qu033>
<qu034>  5.4|2008/01/18 11:34:40|  25.2036| 140.8463| 188.90|Volcano Islands, Japan region|http://earthquake.usgs.gov/eqcenter/recenteqsww/Quakes/us2008miap.php</qu034>
<qu035>  3.4|2008/01/18 10:52:31|  50.9929|-178.7632|   9.80|Andreanof Islands, Aleutian Islands, Alaska|http://earthquake.usgs.gov/eqcenter/recenteqsww/Quakes/ak00024905.php</qu035>
<qu036>  2.8|2008/01/18 10:18:13|  51.6125|-178.8902|  60.10|Andreanof Islands, Aleutian Islands, Alaska|http://earthquake.usgs.gov/eqcenter/recenteqsww/Quakes/ak00024904.php</qu036>
<qu037>  2.8|2008/01/18 09:52:28|  32.6665|-115.3776|  16.20|Mexicali urban area, Baja California, Mexico|http://earthquake.usgs.gov/eqcenter/recenteqsww/Quakes/ci14343464.php</qu037>
<qu038>  2.9|2008/01/18 09:38:31|  51.8298|-178.6810|   0.10|Andreanof Islands, Aleutian Islands, Alaska|http://earthquake.usgs.gov/eqcenter/recenteqsww/Quakes/ak00024902.php</qu038>
<qu039>  3.9|2008/01/18 09:33:24|  50.9749|-178.8117|   0.10|Andreanof Islands, Aleutian Islands, Alaska|http://earthquake.usgs.gov/eqcenter/recenteqsww/Quakes/ak00024897.php</qu039>
<qu040>  4.9|2008/01/18 09:28:19|  51.2443|-178.8917|  28.20|Andreanof Islands, Aleutian Islands, Alaska|http://earthquake.usgs.gov/eqcenter/recenteqsww/Quakes/us2008mial.php</qu040>
<qu041>  2.6|2008/01/18 09:08:04|  32.6676|-115.3823|  10.50|Mexicali urban area, Baja California, Mexico|http://earthquake.usgs.gov/eqcenter/recenteqsww/Quakes/ci14343452.php</qu041>
<qu042>  4.6|2008/01/18 08:08:08| -20.8181|-178.9340| 585.90|Fiji region|http://earthquake.usgs.gov/eqcenter/recenteqsww/Quakes/us2008miaj.php</qu042>
<qu043>  3.4|2008/01/18 07:15:00|  51.3232|-178.4973|  35.30|Andreanof Islands, Aleutian Islands, Alaska|http://earthquake.usgs.gov/eqcenter/recenteqsww/Quakes/ak00024882.php</qu043>
<qu044>  2.9|2008/01/18 05:36:01|  19.3378|-155.1145|   8.10|Island of Hawaii, Hawaii|http://earthquake.usgs.gov/eqcenter/recenteqsww/Quakes/hv00027556.php</qu044>
<qu045>  4.6|2008/01/18 05:27:07|   9.8837|  57.4414|  10.00|Carlsberg Ridge|http://earthquake.usgs.gov/eqcenter/recenteqsww/Quakes/us2008mian.php</qu045>
<qu046>  2.5|2008/01/18 05:13:34|  37.3878|-121.7438|   7.00|San Francisco Bay area, California|http://earthquake.usgs.gov/eqcenter/recenteqsww/Quakes/nc51194831.php</qu046>
<qu047>  2.8|2008/01/18 02:35:56|  62.1888|-145.8031|   0.10|Central Alaska|http://earthquake.usgs.gov/eqcenter/recenteqsww/Quakes/ak00024859.php</qu047>
<qu048>  4.3|2008/01/18 02:13:03| -22.0088|-179.4794| 551.50|south of the Fiji Islands|http://earthquake.usgs.gov/eqcenter/recenteqsww/Quakes/us2008miah.php</qu048>
<qu049>  2.8|2008/01/18 02:06:09|  34.8838|-118.9708|   7.10|Central California|http://earthquake.usgs.gov/eqcenter/recenteqsww/Quakes/ci14343372.php</qu049>
<qu050>  2.8|2008/01/18 00:23:52|  53.0742|-168.6806|  15.50|Fox Islands, Aleutian Islands, Alaska|http://earthquake.usgs.gov/eqcenter/recenteqsww/Quakes/ak00024849.php</qu050>
<qu051>  4.7|2008/01/17 23:07:02|  38.1566| 100.1856|  11.70|Gansu-Qinghai border region, China|http://earthquake.usgs.gov/eqcenter/recenteqsww/Quakes/us2008mha8.php</qu051>
<qu052>  3.1|2008/01/17 22:48:39|  58.1959|-154.1089|  69.40|Alaska Peninsula|http://earthquake.usgs.gov/eqcenter/recenteqsww/Quakes/ak00024809.php</qu052>
<qu053>  2.5|2008/01/17 22:34:56|  54.4435|-161.5554|  13.20|Alaska Peninsula|http://earthquake.usgs.gov/eqcenter/recenteqsww/Quakes/ak00025046.php</qu053>
<qu054>  2.9|2008/01/17 22:00:14|  34.8732|-113.9624|   5.00|Arizona|http://earthquake.usgs.gov/eqcenter/recenteqsww/Quakes/us2008mha4.php</qu054>
<qu055>  5.2|2008/01/17 19:46:45|  67.9337|-136.2801|  10.00|northern Yukon Territory, Canada|http://earthquake.usgs.gov/eqcenter/recenteqsww/Quakes/us2008mhay.php</qu055>
<qu056>  3.1|2008/01/17 18:17:57|  51.0361|-179.5094|   4.80|Andreanof Islands, Aleutian Islands, Alaska|http://earthquake.usgs.gov/eqcenter/recenteqsww/Quakes/ak00024754.php</qu056>
<qu057>  2.7|2008/01/17 18:10:48|  54.4424|-161.4600|  12.30|Alaska Peninsula|http://earthquake.usgs.gov/eqcenter/recenteqsww/Quakes/ak00025039.php</qu057>
<qu058>  4.8|2008/01/17 17:25:17|  -3.1013| 100.9549|  49.80|Kepulauan Mentawai region, Indonesia|http://earthquake.usgs.gov/eqcenter/recenteqsww/Quakes/us2008mha2.php</qu058>
<qu059>  3.0|2008/01/17 17:09:10|  53.9075|-163.5602|  25.60|Unimak Island region, Alaska|http://earthquake.usgs.gov/eqcenter/recenteqsww/Quakes/ak00024752.php</qu059>
<qu060>  5.2|2008/01/17 15:39:16|  52.9831| 159.3444|  68.00|off the east coast of the Kamchatka Peninsula, Russia|http://earthquake.usgs.gov/eqcenter/recenteqsww/Quakes/us2008mhau.php</qu060>
<qu061>  3.0|2008/01/17 13:53:11|  18.8295| -64.2327|  36.40|Virgin Islands region|http://earthquake.usgs.gov/eqcenter/recenteqsww/Quakes/prp0801702.php</qu061>
<qu062>  3.1|2008/01/17 12:49:31|  55.1857|-135.2735|  25.00|off the coast of Southeastern Alaska|http://earthquake.usgs.gov/eqcenter/recenteqsww/Quakes/ak00025030.php</qu062>
<qu063>  2.6|2008/01/17 08:16:13|  52.0685|-165.7071|  20.10|south of the Aleutian Islands|http://earthquake.usgs.gov/eqcenter/recenteqsww/Quakes/ak00025025.php</qu063>
<qu064>  4.6|2008/01/17 07:18:44|  43.9431|  84.1253|  10.00|northern Xinjiang, China|http://earthquake.usgs.gov/eqcenter/recenteqsww/Quakes/us2008mhak.php</qu064>
<qu065>  4.6|2008/01/17 07:09:56|  32.3152|  85.1014|  10.00|western Xizang|http://earthquake.usgs.gov/eqcenter/recenteqsww/Quakes/us2008mhai.php</qu065>
<qu066>  2.6|2008/01/17 06:59:05|  39.4835|-122.9665|  10.20|Northern California|http://earthquake.usgs.gov/eqcenter/recenteqsww/Quakes/nc51194782.php</qu066>
<qu067>  4.8|2008/01/17 06:25:44|  43.7115|  84.3128|  12.30|northern Xinjiang, China|http://earthquake.usgs.gov/eqcenter/recenteqsww/Quakes/us2008mhaj.php</qu067>
<qu068>  2.5|2008/01/17 05:55:42|  66.6874|-147.3137|  15.00|northern Alaska|http://earthquake.usgs.gov/eqcenter/recenteqsww/Quakes/ak00024731.php</qu068>
<qu069>  4.2|2008/01/17 00:36:45|  32.3799|  85.0403|  37.90|western Xizang|http://earthquake.usgs.gov/eqcenter/recenteqsww/Quakes/us2008mhad.php</qu069>
<qu070>  4.0|2008/01/16 23:53:31|  51.6612|-173.0535| 147.90|Andreanof Islands, Aleutian Islands, Alaska|http://earthquake.usgs.gov/eqcenter/recenteqsww/Quakes/ak00024666.php</qu070>
<qu071>  4.7|2008/01/16 23:47:31|   9.7240| -72.6490| 168.50|Zulia, Venezuela|http://earthquake.usgs.gov/eqcenter/recenteqsww/Quakes/us2008mgbh.php</qu071>
<qu072>  3.0|2008/01/16 21:27:34|  19.0280| -64.5055|  72.70|Virgin Islands region|http://earthquake.usgs.gov/eqcenter/recenteqsww/Quakes/prp0801604.php</qu072>
<qu073>  3.2|2008/01/16 21:07:47|  52.7551|-167.6314|  28.00|Fox Islands, Aleutian Islands, Alaska|http://earthquake.usgs.gov/eqcenter/recenteqsww/Quakes/ak00024659.php</qu073>
<qu074>  2.8|2008/01/16 21:00:17|  38.7570|-122.7040|   1.00|Northern California|http://earthquake.usgs.gov/eqcenter/recenteqsww/Quakes/nc51194753.php</qu074>
<qu075>  2.6|2008/01/16 18:20:46|  60.9353|-146.1068|  18.30|Southern Alaska|http://earthquake.usgs.gov/eqcenter/recenteqsww/Quakes/ak00024651.php</qu075>
<qu076>  2.9|2008/01/16 15:56:02|  51.3407|-178.3330|  25.50|Andreanof Islands, Aleutian Islands, Alaska|http://earthquake.usgs.gov/eqcenter/recenteqsww/Quakes/ak00024993.php</qu076>
<qu077>  3.3|2008/01/16 14:45:20|  18.0560| -67.8933| 117.20|Isla de Mona, Puerto Rico|http://earthquake.usgs.gov/eqcenter/recenteqsww/Quakes/prp0801603.php</qu077>
<qu078>  4.6|2008/01/16 13:39:40|  37.8125|  71.4825| 216.00|Hindu Kush region, Afghanistan|http://earthquake.usgs.gov/eqcenter/recenteqsww/Quakes/us2008mgan.php</qu078>
<qu079>  2.6|2008/01/16 12:51:48|  37.9902|-118.6830|   5.90|Central California|http://earthquake.usgs.gov/eqcenter/recenteqsww/Quakes/nc51194731.php</qu079>
<qu080>  5.9|2008/01/16 11:54:44|  32.3495|  85.1464|  11.50|western Xizang|http://earthquake.usgs.gov/eqcenter/recenteqsww/Quakes/us2008mgak.php</qu080>
<qu081>  4.1|2008/01/16 11:12:33|  50.1471| 179.2811|  20.10|Rat Islands, Aleutian Islands, Alaska|http://earthquake.usgs.gov/eqcenter/recenteqsww/Quakes/ak00024634.php</qu081>
<qu082>  2.7|2008/01/16 10:41:25|  37.5980|-119.4185|   0.60|Central California|http://earthquake.usgs.gov/eqcenter/recenteqsww/Quakes/nc51194725.php</qu082>
<qu083>  2.7|2008/01/16 10:25:40|  62.1798|-145.5753|  15.20|Central Alaska|http://earthquake.usgs.gov/eqcenter/recenteqsww/Quakes/ak00024628.php</qu083>
<qu084>  2.7|2008/01/16 07:41:31|  53.5318|-166.4114|  69.80|Fox Islands, Aleutian Islands, Alaska|http://earthquake.usgs.gov/eqcenter/recenteqsww/Quakes/ak00024617.php</qu084>
<qu085>  2.6|2008/01/16 07:36:32|  55.8366|-159.2315| 100.60|Alaska Peninsula|http://earthquake.usgs.gov/eqcenter/recenteqsww/Quakes/ak00024616.php</qu085>
<qu086>  2.9|2008/01/16 05:38:14|  54.6431|-161.1367|   3.20|Alaska Peninsula|http://earthquake.usgs.gov/eqcenter/recenteqsww/Quakes/ak00024612.php</qu086>
<qu087>  4.1|2008/01/16 04:11:56|  17.7620| -67.9667|  61.90|Puerto Rico region|http://earthquake.usgs.gov/eqcenter/recenteqsww/Quakes/prp0801601.php</qu087>
<qu088>  3.2|2008/01/16 03:07:13|  18.4652| -65.5032| 115.00|Puerto Rico region|http://earthquake.usgs.gov/eqcenter/recenteqsww/Quakes/prp0801602.php</qu088>
<qu089>  2.9|2008/01/16 02:58:28|  19.2902|-155.2530|   6.90|Island of Hawaii, Hawaii|http://earthquake.usgs.gov/eqcenter/recenteqsww/Quakes/hv00027538.php</qu089>
<qu090>  2.6|2008/01/16 00:48:30|  36.2332|-120.3692|  10.00|Central California|http://earthquake.usgs.gov/eqcenter/recenteqsww/Quakes/nc51194702.php</qu090>
<qu091>  2.6|2008/01/15 22:53:22|  17.8247| -65.9663|   6.10|Puerto Rico region|http://earthquake.usgs.gov/eqcenter/recenteqsww/Quakes/prp0801504.php</qu091>
<qu092>  4.9|2008/01/15 22:52:33| -23.2527| -69.5487|  30.00|Antofagasta, Chile|http://earthquake.usgs.gov/eqcenter/recenteqsww/Quakes/us2008mfbb.php</qu092>
<qu093>  2.6|2008/01/15 22:44:19|  53.5502|-167.2474|   0.10|Fox Islands, Aleutian Islands, Alaska|http://earthquake.usgs.gov/eqcenter/recenteqsww/Quakes/ak00100821.php</qu093>
<qu094>  2.7|2008/01/15 20:41:30|  59.8509|-152.3869|  82.10|Southern Alaska|http://earthquake.usgs.gov/eqcenter/recenteqsww/Quakes/ak00100819.php</qu094>
<qu095>  2.7|2008/01/15 19:18:46|  38.8118|-122.8227|   2.60|Northern California|http://earthquake.usgs.gov/eqcenter/recenteqsww/Quakes/nc51194678.php</qu095>
<qu096>  4.9|2008/01/15 17:55:41|  36.5384| 141.1497|  40.20|near the east coast of Honshu, Japan|http://earthquake.usgs.gov/eqcenter/recenteqsww/Quakes/us2008mfa4.php</qu096>
<qu097>  6.5|2008/01/15 17:52:15| -21.9055|-179.5245| 596.40|Fiji region|http://earthquake.usgs.gov/eqcenter/recenteqsww/Quakes/us2008mfa2.php</qu097>
<qu098>  2.5|2008/01/15 17:03:12|  40.5445|-124.1867|   8.50|Northern California|http://earthquake.usgs.gov/eqcenter/recenteqsww/Quakes/nc51194666.php</qu098>
<qu099>  4.7|2008/01/15 14:26:21|   6.1250| 126.7997| 114.70|Mindanao, Philippines|http://earthquake.usgs.gov/eqcenter/recenteqsww/Quakes/us2008mfba.php</qu099>
<qu100>  2.5|2008/01/15 12:34:44|  60.8479|-146.9204|  19.80|Southern Alaska|http://earthquake.usgs.gov/eqcenter/recenteqsww/Quakes/ak00100802.php</qu100>
<qu101>  4.9|2008/01/15 09:43:28|   5.6324|  92.9467|  35.00|off the west coast of northern Sumatra|http://earthquake.usgs.gov/eqcenter/recenteqsww/Quakes/us2008mfaw.php</qu101>
<qu102>  2.8|2008/01/15 08:10:01|  61.5710|-149.9838|  34.30|Southern Alaska|http://earthquake.usgs.gov/eqcenter/recenteqsww/Quakes/ak00100793.php</qu102>
<qu103>  2.7|2008/01/15 08:10:01|  61.5687|-149.9367|  35.20|Southern Alaska|http://earthquake.usgs.gov/eqcenter/recenteqsww/Quakes/ak00024506.php</qu103>
<qu104>  3.9|2008/01/15 08:00:41|  61.5553|-149.9368|  30.60|Southern Alaska|http://earthquake.usgs.gov/eqcenter/recenteqsww/Quakes/ak00100789.php</qu104>
<qu105>  3.9|2008/01/15 08:00:41|  61.5558|-149.9470|  38.10|Southern Alaska|http://earthquake.usgs.gov/eqcenter/recenteqsww/Quakes/ak00024501.php</qu105>
<qu106>  4.2|2008/01/15 07:44:25|  38.9150|  26.0553|   8.80|near the coast of western Turkey|http://earthquake.usgs.gov/eqcenter/recenteqsww/Quakes/us2008mfau.php</qu106>
<qu107>  2.9|2008/01/15 07:35:37|  18.8160| -64.5537|  97.10|Virgin Islands region|http://earthquake.usgs.gov/eqcenter/recenteqsww/Quakes/prp0801503.php</qu107>
<qu108>  4.6|2008/01/15 07:00:55|  70.3865| -15.2154|  10.00|Jan Mayen Island region|http://earthquake.usgs.gov/eqcenter/recenteqsww/Quakes/us2008mfam.php</qu108>
<qu109>  4.5|2008/01/15 06:55:27|  70.2692| -15.1486|  10.00|Jan Mayen Island region|http://earthquake.usgs.gov/eqcenter/recenteqsww/Quakes/us2008mfar.php</qu109>
<qu110>  2.6|2008/01/15 06:43:33|  37.9900|-118.6837|   5.90|Central California|http://earthquake.usgs.gov/eqcenter/recenteqsww/Quakes/nc51194642.php</qu110>
<qu111>  3.0|2008/01/15 06:35:18|  37.9828|-118.6857|   5.70|Central California|http://earthquake.usgs.gov/eqcenter/recenteqsww/Quakes/nc51194641.php</qu111>
<qu112>  4.4|2008/01/15 06:33:36|  70.3426| -15.3533|  10.00|Jan Mayen Island region|http://earthquake.usgs.gov/eqcenter/recenteqsww/Quakes/us2008mfap.php</qu112>
<qu113>  4.6|2008/01/15 06:14:05|   0.9634| 126.4682|  76.90|Molucca Sea|http://earthquake.usgs.gov/eqcenter/recenteqsww/Quakes/us2008mfan.php</qu113>
<qu114>  3.2|2008/01/15 05:55:52|  19.3118| -64.5815|  14.30|Virgin Islands region|http://earthquake.usgs.gov/eqcenter/recenteqsww/Quakes/prp0801501.php</qu114>
<qu115>  3.0|2008/01/15 04:28:21|  37.9842|-118.6848|   0.40|Central California|http://earthquake.usgs.gov/eqcenter/recenteqsww/Quakes/nc51194634.php</qu115>
<qu116>  2.8|2008/01/15 04:13:56|  23.3208| 121.9333|  35.00|Taiwan|http://earthquake.usgs.gov/eqcenter/recenteqsww/Quakes/us2008mfad.php</qu116>
<qu117>  2.6|2008/01/14 23:35:34|  18.0198| -65.3777|  14.20|Puerto Rico region|http://earthquake.usgs.gov/eqcenter/recenteqsww/Quakes/prp0801404.php</qu117>
<qu118>  4.8|2008/01/14 21:49:30|   9.6659| 126.3656| 103.90|Mindanao, Philippines|http://earthquake.usgs.gov/eqcenter/recenteqsww/Quakes/us2008mebe.php</qu118>
<qu119>  2.5|2008/01/14 21:34:04|  52.1394|-168.3453|  10.30|Fox Islands, Aleutian Islands, Alaska|http://earthquake.usgs.gov/eqcenter/recenteqsww/Quakes/ak00024804.php</qu119>
<qu120>  4.9|2008/01/14 21:24:33|   9.6853| 126.3563| 102.60|Mindanao, Philippines|http://earthquake.usgs.gov/eqcenter/recenteqsww/Quakes/us2008mebd.php</qu120>
<qu121>  4.6|2008/01/14 21:24:04| -29.1134| -69.7708|  94.90|San Juan, Argentina|http://earthquake.usgs.gov/eqcenter/recenteqsww/Quakes/us2008mebb.php</qu121>
<qu122>  2.8|2008/01/14 20:18:02|  54.7544|-161.6442|  28.50|Alaska Peninsula|http://earthquake.usgs.gov/eqcenter/recenteqsww/Quakes/ak00100773.php</qu122>
<qu123>  2.8|2008/01/14 20:17:56|  54.4412|-161.5002|   5.20|Alaska Peninsula|http://earthquake.usgs.gov/eqcenter/recenteqsww/Quakes/ak00024413.php</qu123>
<qu124>  2.7|2008/01/14 20:10:50|  52.1386|-165.9424|  17.50|south of the Aleutian Islands|http://earthquake.usgs.gov/eqcenter/recenteqsww/Quakes/ak00024801.php</qu124>
<qu125>  2.6|2008/01/14 19:11:31|  40.7668|-123.5848|  20.70|Northern California|http://earthquake.usgs.gov/eqcenter/recenteqsww/Quakes/nc51194589.php</qu125>
<qu126>  2.5|2008/01/14 16:56:20|  56.9042|-154.8591|   9.50|Kodiak Island region, Alaska|http://earthquake.usgs.gov/eqcenter/recenteqsww/Quakes/ak00100762.php</qu126>
<qu127>  4.5|2008/01/14 15:45:22|  51.4789|-178.3482|  84.40|Andreanof Islands, Aleutian Islands, Alaska|http://earthquake.usgs.gov/eqcenter/recenteqsww/Quakes/us2008meaz.php</qu127>
<qu128>  2.8|2008/01/14 15:17:13|  37.3450|-121.7092|   8.30|Northern California|http://earthquake.usgs.gov/eqcenter/recenteqsww/Quakes/nc51194577.php</qu128>
<qu129>  3.1|2008/01/14 13:47:13|  54.0909|-164.7670| 100.00|Unimak Island region, Alaska|http://earthquake.usgs.gov/eqcenter/recenteqsww/Quakes/ak00100743.php</qu129>
<qu130>  3.2|2008/01/14 13:47:12|  54.4259|-165.1414| 107.30|Fox Islands, Aleutian Islands, Alaska|http://earthquake.usgs.gov/eqcenter/recenteqsww/Quakes/ak00024379.php</qu130>
<qu131>  5.8|2008/01/14 13:38:38|  10.4224|  92.9385|  55.80|Andaman Islands, India region|http://earthquake.usgs.gov/eqcenter/recenteqsww/Quakes/us2008meaw.php</qu131>
<qu132>  2.8|2008/01/14 11:36:35|  35.7783|-120.3317|   8.60|Central California|http://earthquake.usgs.gov/eqcenter/recenteqsww/Quakes/nc51194564.php</qu132>
<qu133>  3.4|2008/01/14 06:24:27|  19.0748| -67.9963|  13.00|Dominican Republic region|http://earthquake.usgs.gov/eqcenter/recenteqsww/Quakes/prp0801401.php</qu133>
<qu134>  2.9|2008/01/14 05:29:30|  38.8187|-122.7920|   3.40|Northern California|http://earthquake.usgs.gov/eqcenter/recenteqsww/Quakes/nc51194545.php</qu134>
<qu135>  4.4|2008/01/14 03:25:01|  13.8126| 120.8320| 244.50|Mindoro, Philippines|http://earthquake.usgs.gov/eqcenter/recenteqsww/Quakes/us2008mean.php</qu135>
<qu136>  4.8|2008/01/14 03:21:45|  32.3156|  85.1475|  30.60|western Xizang|http://earthquake.usgs.gov/eqcenter/recenteqsww/Quakes/us2008meaj.php</qu136>
<qu137>  5.4|2008/01/14 01:20:02| -35.4383|  53.8470|  10.00|Southwest Indian Ridge|http://earthquake.usgs.gov/eqcenter/recenteqsww/Quakes/us2008meae.php</qu137>
<qu138>  4.6|2008/01/14 01:03:30|  17.8086| -93.9247| 202.30|Tabasco, Mexico|http://earthquake.usgs.gov/eqcenter/recenteqsww/Quakes/us2008meab.php</qu138>
<qu139>  4.9|2008/01/14 01:02:09| -16.2862|-173.0976|  35.00|Tonga|http://earthquake.usgs.gov/eqcenter/recenteqsww/Quakes/us2008mead.php</qu139>
<qu140>  2.7|2008/01/13 23:12:13|  46.2006|-122.1806|   0.00|Mount St. Helens area, Washington|http://earthquake.usgs.gov/eqcenter/recenteqsww/Quakes/uw01132312.php</qu140>
<qu141>  3.0|2008/01/13 22:27:54|  53.5134|-161.3774|  25.60|south of Alaska|http://earthquake.usgs.gov/eqcenter/recenteqsww/Quakes/ak00024354.php</qu141>
<qu142>  2.9|2008/01/13 21:55:40|  46.2003|-122.1803|   1.00|Mount St. Helens area, Washington|http://earthquake.usgs.gov/eqcenter/recenteqsww/Quakes/uw01132155.php</qu142>
<qu143>  2.5|2008/01/13 20:49:25|  34.0360|-117.2500|  16.40|Greater Los Angeles area, California|http://earthquake.usgs.gov/eqcenter/recenteqsww/Quakes/ci14342708.php</qu143>
<qu144>  3.5|2008/01/13 17:32:12|  51.4623| 178.8330|  47.90|Rat Islands, Aleutian Islands, Alaska|http://earthquake.usgs.gov/eqcenter/recenteqsww/Quakes/ak00024345.php</qu144>
<qu145>  4.7|2008/01/13 15:55:21|  15.5129| 147.0747|  52.80|Mariana Islands region|http://earthquake.usgs.gov/eqcenter/recenteqsww/Quakes/us2008mdav.php</qu145>
<qu146>  4.8|2008/01/13 14:43:11|   4.4373| -96.8014|  10.00|east central Pacific Ocean|http://earthquake.usgs.gov/eqcenter/recenteqsww/Quakes/us2008mdar.php</qu146>
<qu147>  3.1|2008/01/13 12:18:14|  54.0392|-165.4719|  57.20|Fox Islands, Aleutian Islands, Alaska|http://earthquake.usgs.gov/eqcenter/recenteqsww/Quakes/ak00100695.php</qu147>
<qu148>  3.1|2008/01/13 12:18:09|  53.5542|-165.0823|  25.50|Fox Islands, Aleutian Islands, Alaska|http://earthquake.usgs.gov/eqcenter/recenteqsww/Quakes/ak00024330.php</qu148>
<qu149>  5.7|2008/01/13 12:15:40|  17.1314| 120.9046|  38.30|Luzon, Philippines|http://earthquake.usgs.gov/eqcenter/recenteqsww/Quakes/us2008mdam.php</qu149>
<qu150>  5.1|2008/01/13 11:16:36| -16.0005|-173.0633|  10.00|Tonga|http://earthquake.usgs.gov/eqcenter/recenteqsww/Quakes/us2008mdal.php</qu150>
<qu151>  4.7|2008/01/13 10:49:48|  51.4524|-179.0120|  73.10|Andreanof Islands, Aleutian Islands, Alaska|http://earthquake.usgs.gov/eqcenter/recenteqsww/Quakes/us2008mdaj.php</qu151>
<qu152>  2.9|2008/01/13 10:42:42|  61.1155|-150.3648|  19.90|Southern Alaska|http://earthquake.usgs.gov/eqcenter/recenteqsww/Quakes/ak00100686.php</qu152>
<qu153>  2.7|2008/01/13 10:42:42|  61.1009|-150.0767|  37.40|Southern Alaska|http://earthquake.usgs.gov/eqcenter/recenteqsww/Quakes/ak00024320.php</qu153>
<qu154>  2.6|2008/01/13 08:23:04|  54.5103|-161.4959|  14.30|Alaska Peninsula|http://earthquake.usgs.gov/eqcenter/recenteqsww/Quakes/ak00024696.php</qu154>
<qu155>  2.6|2008/01/13 04:30:11|  61.8148|-149.6787|  23.30|Southern Alaska|http://earthquake.usgs.gov/eqcenter/recenteqsww/Quakes/ak00100676.php</qu155>
<qu156>  4.6|2008/01/13 04:03:27|   4.0168| 126.1597| 147.10|Kepulauan Talaud, Indonesia|http://earthquake.usgs.gov/eqcenter/recenteqsww/Quakes/us2008mdah.php</qu156>
<qu157>  3.1|2008/01/13 01:17:35|  35.4958|-120.8030|   3.10|Central California|http://earthquake.usgs.gov/eqcenter/recenteqsww/Quakes/nc51194487.php</qu157>
<qu158>  2.9|2008/01/13 00:35:05|  60.3723|-147.8414|  16.30|Southern Alaska|http://earthquake.usgs.gov/eqcenter/recenteqsww/Quakes/ak00024296.php</qu158>
<qu159>  3.0|2008/01/13 00:35:04|  60.3327|-147.8651|  18.00|Southern Alaska|http://earthquake.usgs.gov/eqcenter/recenteqsww/Quakes/ak00100662.php</qu159>
<qu160>  2.6|2008/01/13 00:31:34|  54.5933|-162.9387|  33.90|Alaska Peninsula|http://earthquake.usgs.gov/eqcenter/recenteqsww/Quakes/ak00100661.php</qu160>
<qu161>  2.7|2008/01/13 00:31:30|  54.2208|-162.8333|  25.70|Alaska Peninsula|http://earthquake.usgs.gov/eqcenter/recenteqsww/Quakes/ak00024295.php</qu161>
<qu162>  2.5|2008/01/13 00:25:37|  52.9275|-168.4758|  18.60|Fox Islands, Aleutian Islands, Alaska|http://earthquake.usgs.gov/eqcenter/recenteqsww/Quakes/ak00100660.php</qu162>
<qu163>  2.9|2008/01/13 00:25:25|  52.1627|-168.1073|  17.90|Fox Islands, Aleutian Islands, Alaska|http://earthquake.usgs.gov/eqcenter/recenteqsww/Quakes/ak00024294.php</qu163>
</quakes>

</project_preferences>
<host_info>
    <timezone>-18000</timezone>
    <domain_name>demo</domain_name>
    <ip_addr>192.168.2.2</ip_addr>
    <host_cpid>j282ajebw66995eaa6902ccc1c5352ea</host_cpid>
    <p_ncpus>2</p_ncpus>
    <p_vendor>GenuineIntel</p_vendor>
    <p_model>Intel(R) Core(TM)2 CPU T7600 @ 2.33GHz [x86 Family 6 Model 15 Stepping 6]</p_model>
    <p_features>FPU VME DE PSE TSC MSR PAE MCE CX8 APIC SEP MTRR PGE MCA CMOV PAT PSE36 CLFSH DS ACPI MMX FXSR SSE SSE2 SS HTT TM SSE3 MON DSCPL VMX EST TM2 MNI CX16 TPR</p_features>
    <p_fpops>1812690421.601241</p_fpops>
    <p_iops>5092600159.804576</p_iops>
    <p_membw>1000000000.000000</p_membw>
    <p_calculated>1194915400.272960</p_calculated>
    <m_nbytes>2147483648.000000</m_nbytes>
    <m_cache>1000000.000000</m_cache>
    <m_swap>23008247808.000000</m_swap>
    <d_total>159697911808.000000</d_total>
    <d_free>22746103808.000000</d_free>
    <os_name>Darwin</os_name>
    <os_version>8.10.1</os_version>
    <accelerators></accelerators>
</host_info>
<proxy_info>
    <socks_version>5</socks_version>
    <socks_server_name></socks_server_name>
    <socks_server_port>80</socks_server_port>
    <http_server_name></http_server_name>
    <http_server_port>80</http_server_port>
    <socks5_user_name></socks5_user_name>
    <socks5_user_passwd></socks5_user_passwd>
    <http_user_name></http_user_name>
    <http_user_passwd></http_user_passwd>
</proxy_info>
<global_preferences>
   <mod_time>0</mod_time>
   <run_on_batteries/>
   <run_if_user_active/>
   <suspend_if_no_recent_input>0.000000</suspend_if_no_recent_input>
   <start_hour>0.000000</start_hour>
   <end_hour>0.000000</end_hour>
   <net_start_hour>0.000000</net_start_hour>
   <net_end_hour>0.000000</net_end_hour>
   <confirm_before_connecting/>
   <work_buf_min_days>0.100000</work_buf_min_days>
   <work_buf_additional_days>0.250000</work_buf_additional_days>
   <max_cpus>1</max_cpus>
   <cpu_scheduling_period_minutes>60.000000</cpu_scheduling_period_minutes>
   <disk_interval>60.000000</disk_interval>
   <disk_max_used_gb>10.000000</disk_max_used_gb>
   <disk_max_used_pct>50.000000</disk_max_used_pct>
   <disk_min_free_gb>0.100000</disk_min_free_gb>
   <vm_max_used_pct>75.000000</vm_max_used_pct>
   <ram_max_used_busy_pct>50.000000</ram_max_used_busy_pct>
   <ram_max_used_idle_pct>90.000000</ram_max_used_idle_pct>
   <idle_time_to_run>3.000000</idle_time_to_run>
   <max_bytes_sec_up>0.000000</max_bytes_sec_up>
   <max_bytes_sec_down>0.000000</max_bytes_sec_down>
   <cpu_usage_limit>100.000000</cpu_usage_limit>
</global_preferences>
</app_init_data>

